Ingredient_id,Item_id,Ingredient_Name
1,1,Potatoes
2,1,Corn_Tortilla
3,1,Turkey_Sausage
4,1,Vegan_Cheddar_Cheese
5,1,Canola_Oil
6,1,Green_Onion
7,1,Kosher_Salt
8,1,Garlic_Powder
9,1,Black_Pepper
10,2,Water
11,2,Waffle_Mix
12,3,Oat_Milk
13,3,Chia Seeds
14,3,Honey
15,3,Granulated_Sugar
16,3,Pure_Vanilla_Extract
17,4,Cauliflower
18,4,All_Purpose_Flour
19,4,Water
20,4,Mozzarella Cheese
21,4,Blue_Cheese
22,4,Buffalo_Wing_Sauce
23,4,Celery
24,4,Vegetable_Oil_Blend
25,4,Ranch_Dressing
26,4,Kosher_Salt
27,4,Granulated_Sugar
28,4,Yeast
29,5,Dough
30,5,Water
31,5,Yeast
32,5,Cheddar_Cheese
33,5,Whey_Powder
34,5,Guar_Gum
35,5,Xantham_Gum
36,5,Soybean_Oil
37,5,Garlic_Powder
38,5,Datem
39,5,Malted_Barley_Flour
40,5,Dextrose
41,5,Enzyme
42,5,Ascorbic_Acid
43,5,Mozzarella_Cheese
44,5,Vegetable_Oil_Blend
45,5,Asiage_Cheese
46,5,Dried_Oregano
47,5,Black_Pepper
48,6,Chicken_Breast
49,6,Vegetable_Oil_Blend
50,6,Olive_Oil
51,6,Colorant
52,6,Garlic_Powder
53,6,Dried_Oregano
54,6,Black_Pepper
55,7,Water
56,7,Pasta
57,8,Turkey_Burger
58,8,Roll
59,9,French_Fried_Potatoes
60,10,Turkey_Sausage
61,11,Potatoes
62,11,Vegetable_Oil_Blend
63,12,Ice_Cubes
64,12,Strawberries
65,12,Orange_Juice
66,12,Cranberries
67,12,Blueberries
68,12,Granulated_Sugar
69,12,Water
70,13,Water
71,13,Russet_Potato
72,13,Tomatoes
73,13,Corn_Kernels
74,13,Green_Beans
75,13,Carrots
76,13,Celery
77,13,Onion
78,13,Vegetable_Base
79,13,Green_Cabbage
80,13,Vegetable_Oil_Blend
81,13,Garlic
82,13,Kosher_Salt
83,13,Black_Pepper
84,13,Dried_Bay_Leaf
85,13,Dried_Thyme_Leaf
86,14,White_Dinner_Roll
87,15,Ground_Dark_Chicken
88,15,Water
89,15,Soy_Protein
90,15,Corn_Syrup
91,15,Breading
92,16,Water
93,16,Russet_Potato
94,16,Tomatoes
95,16,Corn_Kernels
96,16,Green_Beans
97,16,Carrots
98,16,Celery
99,16,Onion
100,16,Vegetable_Base
101,16,Green_Cabbage
102,16,Vegetable_Oil_Blend
103,16,Garlic
104,16,Kosher_Salt
105,16,Black_Pepper
106,16,Dried_Bay_Leaf
107,17,French_Fried_Potatoes
108,18,Dough
109,18,Mozzarella_Cheese
110,18,Tomatoes
111,18,Deli_Pepperoni
112,18,Water
113,18,Extra_Virgin_Olive_Oil
114,18,Granulated_Sugar
115,18,Kosher_Salt
116,18,Black_Pepper
117,18,Garlic_Powder
118,18,Dried_Oregano
119,19,Red_Potato
120,19,Vegetable_Oil_Blend
121,19,Garlic
122,19,Kosher_Salt
123,19,Black_Pepper
124,20,Cottage_Cheese
125,21,Water
126,21,Soy_Milk
127,21,White_Quinoa
128,21,Apple_Juice
129,21,Brown_Sugar
130,21,Cinnamon
131,21,Kosher_Salt
132,22,Corn_Kernels
133,22,Green_Chili_Peppers
134,22,Onion
135,22,Canola_Oil
136,22,Black_Pepper_Blend
137,22,Cumin
138,22,Kosher_Salt
139,22,Paprika
140,22,Cayenne_Pepper
141,23,Water
142,23,Whole_Milk
143,23,Tomato
144,23,Roasted_Red_Peppers
145,23,Anerican_Cheese
146,23,Cheddar_Cheese
147,23,Cream_Cheese
148,23,Unsalted_Butter
149,23,Wheat_Flour
150,23,Crackers
151,23,Kosher_Salt
152,23,Tabasco_Hot_Sauce
153,23,Ground_Mustard
154,23,Black_Pepper
155,23,Cayenne_Pepper
156,24,Dough
157,24,Mozzarella_Cheese
158,24,Tomatoes
159,24,Deli_Pepperoni
160,24,Water
161,24,Extra_Virgin_Olive_Oil
162,24,Granulated_Sugar
163,24,Kosher_Salt
164,24,Black_Pepper
165,24,Garlic_Powder
166,25,Spinach
167,25,Soy_Sauce
168,25,Granulated_Sugar
169,25,Sesame_Seeds
170,26,Meatballs
171,26,Onion
172,26,Pineapple
173,26,Red_Bell_Pepper
174,26,Green_Bell_Pepper
175,26,Vegetable_Oil_Blend
176,27,Water
177,27,White_Rice
178,27,Green_Onion
179,27,Garlic
180,27,Vegetable_Oil_Blend
181,27,Tumeric
182,27,Kosher_Salt
183,28,Egg_Blend
184,29,Turkey_Sausage
185,30,Water
186,30,Pancake_Mix
187,30,Blueberries
188,31,Water
189,31,Pork_Loin
190,31,Noodles
191,31,Carrots
192,31,Bok_Choy
193,31,Korean_Hot_Taco_Sauce
194,31,Onion
195,31,Bacon
196,31,Green_Onion
197,31,Beef_Base
198,31,Pork_Base
199,31,Soy_Sauce
200,31,Kosher_Salt
201,31,Black_Pepper
202,31,Wonton_Skins
203,32,Broccoli
204,32,Vegetable_Oil_Blend
205,32,Garlic
206,32,Kosher_Salt
207,32,Ginger_Root
208,32,Black_Pepper
209,33,Chicken_Thigh
210,33,Water
211,33,Vegetable_Oil_Blend
212,33,Lemon_Juice
213,33,Cilantro
214,33,Parsley
215,33,Garlic
216,33,Vegetable_Oil_Blend
217,33,Cumin
218,33,Ginger_Root
219,33,Paprika
220,33,Tumeric
221,33,Kosher_Salt
222,33,Coriander
223,33,Crushed_Red_Pepper
224,34,Water
225,34,Pork_Loin
226,34,Noodles
227,34,Carrots
228,34,Bok_Choy
229,34,Korean_Hot_Taco_Sauce
230,34,Onion
231,34,Bacon
232,34,Green_Onion
233,34,Beef_Base
234,34,Pork_Base
235,34,Soy_Sauce
236,34,Kosher_Salt
237,34,Black_Pepper
238,34,Wonton_Skins
239,35,Cod_Fillet
240,36,Green_Collards
241,36,Vegetable_Oil_Blend
242,36,Lime_Juice
243,36,Garlic
244,36,Kosher_Salt
245,36,Paprika
246,36,Black_Pepper
247,37,Eggs
248,37,Onion
249,37,Spinach
250,37,Cheddar_Cheese
251,37,Whole_Milk
252,37,Canola_Oil
253,37,Kosher_Salt
254,37,Black_Pepper
255,38,Rolled_Oats
256,38,Apple
257,38,Pistachios
258,38,Low_Fat_Milk
259,38,Cinnamon
260,38,Maple_Syrup
261,38,Chia_Seeds
262,39,All_Purpose_Flour
263,39,Eggs
264,39,Whole_Milk
265,39,Baking_Powder
266,39,Pineapple
267,39,Butter
268,39,Sugar
269,39,Vanilla_Extract
270,40,Flour_Tortilla
271,40,Eggs
272,40,Black_Bean
273,40,Cheddar_Cheese
274,40,Salsa
275,40,Potatoes
276,40,Green_Onion
277,40,Kosher_Salt
278,41,Greek_Yogurt
279,41,Peach
280,41,Granola
281,41,Honey
282,41,Chia_Seeds
283,41,Vanilla_Extract
284,42,Biscuit
285,42,Eggs
286,42,Ham
287,42,Swiss_Cheese
288,42,Tomato
289,42,Spinach
290,42,Butter
291,42,Black_Pepper
292,43,Corn_Tortilla
293,43,Carnitas
294,43,Cabbage
295,43,Pico_De_Gallo
296,43,Cilantro
297,43,Lime_Juice
298,43,Cotija_Cheese
299,44,Grilled_Chicken
300,44,Romaine_Lettuce
301,44,Sweet_Potato
302,44,Cabbage
303,44,Caesar_Dressing
304,44,Croutons
305,44,Parmesan_Cheese
306,45,Flour_Tortilla
307,45,Salmon
308,45,Pesto_Sauce
309,45,Romaine_Lettuce
310,45,Tomato
311,45,Red_Onion
312,45,Cheddar_Cheese
313,46,Chickpea
314,46,Rice
315,46,Broccoli
316,46,Carrot
317,46,Edamame
318,46,Lemon_Herb_Sauce
319,46,Sesame_Seeds
320,47,Brioche_Bun
321,47,Beef
322,47,Lettuce
323,47,Tomato
324,47,Pickles
325,47,Red_Onion
326,47,Mozzarella_Cheese
327,47,Mayonnaise
328,48,Black_Bean
329,48,Vegetable_Broth
330,48,Carrot
331,48,Celery
332,48,Onion
333,48,Garlic
334,48,Kosher_Salt
335,48,Black_Pepper
336,49,Linguine
337,49,Vegetable
338,49,Tomato_Basil_Sauce
339,49,Garlic
340,49,Tomato
341,49,Parmesan_Cheese
342,49,Olive_Oil
343,49,Basil
344,50,Tofu
345,50,Mashed_Potatoes
346,50,Green_Bean
347,50,Lemon_Juice
348,50,Butter
349,50,Parsley
350,50,Kosher_Salt
351,50,Black_Pepper
352,51,Corn_Tortilla
353,51,Black_Bean
354,51,Salsa_Verde_Sauce
355,51,Monterey_Jack_Cheese
356,51,Onion
357,51,Cilantro
358,51,Rice
359,51,Sour_Cream
360,52,Lamb
361,52,Pita_Bread
362,52,Rice
363,52,Cucumber
364,52,Tomato
365,52,Tzatziki_Sauce
366,52,Red_Onion
367,52,Parsley
368,53,Chicken
369,53,Quinoa
370,53,Garlic_Parmesan_Sauce
371,53,Broccoli
372,53,Carrot
373,53,Olive_Oil
374,53,Garlic
375,53,Kosher_Salt
376,54,Vegetable
377,54,Jasmine_Rice
378,54,Coconut_Milk
379,54,Massaman_Curry_Paste
380,54,Bell_Pepper
381,54,Onion
382,54,Basil
383,54,Lime_Juice
384,55,Eggs
385,55,Carrot
386,55,Broccoli
387,55,Mozzarella_Cheese
388,55,Whole_Milk
389,55,Canola_Oil
390,55,Kosher_Salt
391,55,Black_Pepper
392,56,Rolled_Oats
393,56,Mango
394,56,Pecans
395,56,Low_Fat_Milk
396,56,Cinnamon
397,56,Maple_Syrup
398,56,Chia_Seeds
399,57,All_Purpose_Flour
400,57,Eggs
401,57,Whole_Milk
402,57,Baking_Powder
403,57,Banana
404,57,Butter
405,57,Sugar
406,57,Vanilla_Extract
407,58,Flour_Tortilla
408,58,Eggs
409,58,Turkey_Sausage
410,58,Cheddar_Cheese
411,58,Salsa
412,58,Potatoes
413,58,Green_Onion
414,58,Kosher_Salt
415,59,Greek_Yogurt
416,59,Pineapple
417,59,Granola
418,59,Honey
419,59,Chia_Seeds
420,59,Vanilla_Extract
421,60,Biscuit
422,60,Eggs
423,60,Egg
424,60,Mozzarella_Cheese
425,60,Tomato
426,60,Spinach
427,60,Butter
428,60,Black_Pepper
429,61,Sourdough_Bread
430,61,Beef
431,61,Lettuce
432,61,Tomato
433,61,Pickles
434,61,Red_Onion
435,61,Pepper_Jack_Cheese
436,61,Mayonnaise
437,62,Black_Bean
438,62,Vegetable_Broth
439,62,Carrot
440,62,Celery
441,62,Onion
442,62,Garlic
443,62,Kosher_Salt
444,62,Black_Pepper
445,63,Rotini
446,63,Tofu
447,63,Alfredo_Sauce
448,63,Garlic
449,63,Parmesan_Cheese
450,63,Spinach
451,63,Olive_Oil
452,64,Corn_Tortilla
453,64,Carnitas
454,64,Cabbage
455,64,Pico_De_Gallo
456,64,Cilantro
457,64,Lime_Juice
458,64,Cotija_Cheese
459,65,Black_Bean
460,65,Romaine_Lettuce
461,65,Asparagus
462,65,Carrot
463,65,Ranch_Dressing
464,65,Croutons
465,65,Parmesan_Cheese
466,66,Flour_Tortilla
467,66,Salmon
468,66,Buffalo_Sauce
469,66,Romaine_Lettuce
470,66,Tomato
471,66,Red_Onion
472,66,Feta_Cheese
473,67,Corn_Tortilla
474,67,Lentil
475,67,Red_Chile_Sauce
476,67,Monterey_Jack_Cheese
477,67,Onion
478,67,Cilantro
479,67,Rice
480,67,Sour_Cream
481,68,Vegetable
482,68,Pita_Bread
483,68,Rice
484,68,Cucumber
485,68,Tomato
486,68,Tzatziki_Sauce
487,68,Red_Onion
488,68,Parsley
489,69,Pork
490,69,Rice
491,69,Pesto_Sauce
492,69,Broccoli
493,69,Carrot
494,69,Olive_Oil
495,69,Garlic
496,69,Kosher_Salt
497,70,Chicken
498,70,Jasmine_Rice
499,70,Coconut_Milk
500,70,Red_Curry_Paste
501,70,Bell_Pepper
502,70,Onion
503,70,Basil
504,70,Lime_Juice
505,71,Tofu
506,71,Asparagus
507,71,Onion
508,71,Soy_Sauce
509,71,Garlic
510,71,Ginger
511,71,Sesame_Oil
512,71,Brown_Rice
513,72,Ramen_Noodles
514,72,Chicken
515,72,Miso_Broth
516,72,Soft_Boiled_Egg
517,72,Green_Onion
518,72,Mushroom
519,72,Nori
520,72,Sesame_Seeds
521,73,Eggs
522,73,Zucchini
523,73,Broccoli
524,73,Swiss_Cheese
525,73,Whole_Milk
526,73,Canola_Oil
527,73,Kosher_Salt
528,73,Black_Pepper
529,74,Rolled_Oats
530,74,Strawberry
531,74,Walnuts
532,74,Low_Fat_Milk
533,74,Cinnamon
534,74,Maple_Syrup
535,74,Chia_Seeds
536,75,All_Purpose_Flour
537,75,Eggs
538,75,Whole_Milk
539,75,Baking_Powder
540,75,Peach
541,75,Butter
542,75,Sugar
543,75,Vanilla_Extract
544,76,Flour_Tortilla
545,76,Eggs
546,76,Black_Bean
547,76,Cheddar_Cheese
548,76,Salsa
549,76,Potatoes
550,76,Green_Onion
551,76,Kosher_Salt
552,77,Greek_Yogurt
553,77,Banana
554,77,Granola
555,77,Honey
556,77,Chia_Seeds
557,77,Vanilla_Extract
558,78,Biscuit
559,78,Eggs
560,78,Tofu
561,78,Cheddar_Cheese
562,78,Tomato
563,78,Spinach
564,78,Butter
565,78,Black_Pepper
566,79,Lentil
567,79,Romaine_Lettuce
568,79,Carrot
569,79,Asparagus
570,79,Lemon_Tahini_Dressing
571,79,Croutons
572,79,Parmesan_Cheese
573,80,Flour_Tortilla
574,80,Black_Bean
575,80,Pesto_Sauce
576,80,Romaine_Lettuce
577,80,Tomato
578,80,Red_Onion
579,80,Feta_Cheese
580,81,Beef
581,81,Rice
582,81,Broccoli
583,81,Carrot
584,81,Edamame
585,81,Cilantro_Lime_Sauce
586,81,Sesame_Seeds
587,82,Sourdough_Bread
588,82,Black_Bean
589,82,Lettuce
590,82,Tomato
591,82,Pickles
592,82,Red_Onion
593,82,Mozzarella_Cheese
594,82,Mayonnaise
595,83,Lentil
596,83,Vegetable_Broth
597,83,Carrot
598,83,Celery
599,83,Onion
600,83,Garlic
601,83,Kosher_Salt
602,83,Black_Pepper
603,84,Penne
604,84,Vegetable
605,84,Marinara_Sauce
606,84,Garlic
607,84,Parmesan_Cheese
608,84,Spinach
609,84,Olive_Oil
610,85,Pork
611,85,Rice
612,85,Tomato_Basil_Sauce
613,85,Broccoli
614,85,Carrot
615,85,Olive_Oil
616,85,Garlic
617,85,Kosher_Salt
618,86,Shrimp
619,86,Jasmine_Rice
620,86,Coconut_Milk
621,86,Red_Curry_Paste
622,86,Bell_Pepper
623,86,Onion
624,86,Basil
625,86,Lime_Juice
626,87,Shrimp
627,87,Cucumber
628,87,Avocado
629,87,Soy_Sauce
630,87,Garlic
631,87,Ginger
632,87,Sesame_Oil
633,87,Brown_Rice
634,88,Ramen_Noodles
635,88,Mushroom
636,88,Miso_Broth
637,88,Soft_Boiled_Egg
638,88,Green_Onion
639,88,Nori
640,88,Sesame_Seeds
641,89,Linguine
642,89,Tofu
643,89,Tomato_Basil_Sauce
644,89,Garlic
645,89,Tomato
646,89,Parmesan_Cheese
647,89,Olive_Oil
648,89,Basil
649,90,Chicken
650,90,Mashed_Potatoes
651,90,Green_Bean
652,90,Lemon_Juice
653,90,Butter
654,90,Parsley
655,90,Kosher_Salt
656,90,Black_Pepper
657,91,Eggs
658,91,Zucchini
659,91,Tomato
660,91,Parmesan_Cheese
661,91,Whole_Milk
662,91,Canola_Oil
663,91,Kosher_Salt
664,91,Black_Pepper
665,92,Rolled_Oats
666,92,Strawberry
667,92,Pistachios
668,92,Low_Fat_Milk
669,92,Cinnamon
670,92,Maple_Syrup
671,92,Chia_Seeds
672,93,All_Purpose_Flour
673,93,Eggs
674,93,Whole_Milk
675,93,Baking_Powder
676,93,Peach
677,93,Butter
678,93,Sugar
679,93,Vanilla_Extract
680,94,Flour_Tortilla
681,94,Eggs
682,94,Black_Bean
683,94,Cheddar_Cheese
684,94,Salsa
685,94,Potatoes
686,94,Green_Onion
687,94,Kosher_Salt
688,95,Greek_Yogurt
689,95,Strawberry
690,95,Granola
691,95,Honey
692,95,Chia_Seeds
693,95,Vanilla_Extract
694,96,Biscuit
695,96,Eggs
696,96,Turkey_Sausage
697,96,Mozzarella_Cheese
698,96,Tomato
699,96,Spinach
700,96,Butter
701,96,Black_Pepper
702,97,Chicken_Noodle
703,97,Vegetable_Broth
704,97,Carrot
705,97,Celery
706,97,Onion
707,97,Garlic
708,97,Kosher_Salt
709,97,Black_Pepper
710,98,Rotini
711,98,Vegetable
712,98,Alfredo_Sauce
713,98,Garlic
714,98,Parmesan_Cheese
715,98,Spinach
716,98,Olive_Oil
717,99,Corn_Tortilla
718,99,Fish
719,99,Cabbage
720,99,Pico_De_Gallo
721,99,Cilantro
722,99,Lime_Juice
723,99,Cotija_Cheese
724,100,Chickpea
725,100,Romaine_Lettuce
726,100,Cauliflower
727,100,Green_Bean
728,100,Balsamic_Dressing
729,100,Croutons
730,100,Parmesan_Cheese
731,101,Flour_Tortilla
732,101,Chicken
733,101,Caesar_Sauce
734,101,Romaine_Lettuce
735,101,Tomato
736,101,Red_Onion
737,101,Feta_Cheese
738,102,Turkey
739,102,Rice
740,102,Broccoli
741,102,Carrot
742,102,Edamame
743,102,Ginger_Soy_Sauce
744,102,Sesame_Seeds
745,103,Chicken
746,103,Spinach
747,103,Bell_Pepper
748,103,Soy_Sauce
749,103,Garlic
750,103,Ginger
751,103,Sesame_Oil
752,103,Brown_Rice
753,104,Ramen_Noodles
754,104,Pork
755,104,Miso_Broth
756,104,Soft_Boiled_Egg
757,104,Green_Onion
758,104,Mushroom
759,104,Nori
760,104,Sesame_Seeds
761,105,Penne
762,105,Tofu
763,105,Creamy_Pesto_Sauce
764,105,Garlic
765,105,Tomato
766,105,Parmesan_Cheese
767,105,Olive_Oil
768,105,Basil
769,106,Salmon
770,106,Mashed_Potatoes
771,106,Green_Bean
772,106,Lemon_Juice
773,106,Butter
774,106,Parsley
775,106,Kosher_Salt
776,106,Black_Pepper
777,107,Corn_Tortilla
778,107,Black_Bean
779,107,Tomatillo_Sauce
780,107,Monterey_Jack_Cheese
781,107,Onion
782,107,Cilantro
783,107,Rice
784,107,Sour_Cream
785,108,Beef
786,108,Pita_Bread
787,108,Rice
788,108,Cucumber
789,108,Tomato
790,108,Tzatziki_Sauce
791,108,Red_Onion
792,108,Parsley
793,109,Eggs
794,109,Broccoli
795,109,Kale
796,109,Parmesan_Cheese
797,109,Whole_Milk
798,109,Canola_Oil
799,109,Kosher_Salt
800,109,Black_Pepper
801,110,Rolled_Oats
802,110,Peach
803,110,Walnuts
804,110,Low_Fat_Milk
805,110,Cinnamon
806,110,Maple_Syrup
807,110,Chia_Seeds
808,111,All_Purpose_Flour
809,111,Eggs
810,111,Whole_Milk
811,111,Baking_Powder
812,111,Apple
813,111,Butter
814,111,Sugar
815,111,Vanilla_Extract
816,112,Flour_Tortilla
817,112,Eggs
818,112,Potato
819,112,Cheddar_Cheese
820,112,Salsa
821,112,Potatoes
822,112,Green_Onion
823,112,Kosher_Salt
824,113,Greek_Yogurt
825,113,Raspberry
826,113,Granola
827,113,Honey
828,113,Chia_Seeds
829,113,Vanilla_Extract
830,114,Croissant
831,114,Eggs
832,114,Avocado
833,114,Mozzarella_Cheese
834,114,Tomato
835,114,Spinach
836,114,Butter
837,114,Black_Pepper
838,115,Flour_Tortilla
839,115,Shrimp
840,115,Chipotle_Sauce
841,115,Romaine_Lettuce
842,115,Tomato
843,115,Red_Onion
844,115,Swiss_Cheese
845,116,Chickpea
846,116,Couscous
847,116,Broccoli
848,116,Carrot
849,116,Edamame
850,116,Chipotle_Sauce
851,116,Sesame_Seeds
852,117,Brioche_Bun
853,117,Chicken
854,117,Lettuce
855,117,Tomato
856,117,Pickles
857,117,Red_Onion
858,117,Pepper_Jack_Cheese
859,117,Mayonnaise
860,118,Chicken_Noodle
861,118,Vegetable_Broth
862,118,Carrot
863,118,Celery
864,118,Onion
865,118,Garlic
866,118,Kosher_Salt
867,118,Black_Pepper
868,119,Penne
869,119,Tofu
870,119,Marinara_Sauce
871,119,Garlic
872,119,Parmesan_Cheese
873,119,Spinach
874,119,Olive_Oil
875,120,Corn_Tortilla
876,120,Chicken
877,120,Cabbage
878,120,Pico_De_Gallo
879,120,Cilantro
880,120,Lime_Juice
881,120,Cotija_Cheese
882,121,Linguine
883,121,Tofu
884,121,Creamy_Pesto_Sauce
885,121,Garlic
886,121,Tomato
887,121,Parmesan_Cheese
888,121,Olive_Oil
889,121,Basil
890,122,Cod
891,122,Quinoa
892,122,Green_Bean
893,122,Lemon_Juice
894,122,Butter
895,122,Parsley
896,122,Kosher_Salt
897,122,Black_Pepper
898,123,Corn_Tortilla
899,123,Black_Bean
900,123,Salsa_Verde_Sauce
901,123,Monterey_Jack_Cheese
902,123,Onion
903,123,Cilantro
904,123,Rice
905,123,Sour_Cream
906,124,Chicken
907,124,Pita_Bread
908,124,Rice
909,124,Cucumber
910,124,Tomato
911,124,Tzatziki_Sauce
912,124,Red_Onion
913,124,Parsley
914,125,Turkey
915,125,Brown_Rice
916,125,Tomato_Basil_Sauce
917,125,Broccoli
918,125,Carrot
919,125,Olive_Oil
920,125,Garlic
921,125,Kosher_Salt
922,126,Chicken
923,126,Jasmine_Rice
924,126,Coconut_Milk
925,126,Red_Curry_Paste
926,126,Bell_Pepper
927,126,Onion
928,126,Basil
929,126,Lime_Juice
930,127,Eggs
931,127,Corn
932,127,Spinach
933,127,Cheddar_Cheese
934,127,Whole_Milk
935,127,Canola_Oil
936,127,Kosher_Salt
937,127,Black_Pepper
938,128,Rolled_Oats
939,128,Apple
940,128,Cashews
941,128,Low_Fat_Milk
942,128,Cinnamon
943,128,Maple_Syrup
944,128,Chia_Seeds
945,129,All_Purpose_Flour
946,129,Eggs
947,129,Whole_Milk
948,129,Baking_Powder
949,129,Mango
950,129,Butter
951,129,Sugar
952,129,Vanilla_Extract
953,130,Flour_Tortilla
954,130,Eggs
955,130,Potato
956,130,Cheddar_Cheese
957,130,Salsa
958,130,Potatoes
959,130,Green_Onion
960,130,Kosher_Salt
961,131,Greek_Yogurt
962,131,Strawberry
963,131,Granola
964,131,Honey
965,131,Chia_Seeds
966,131,Vanilla_Extract
967,132,Croissant
968,132,Eggs
969,132,Avocado
970,132,Mozzarella_Cheese
971,132,Tomato
972,132,Spinach
973,132,Butter
974,132,Black_Pepper
975,133,Penne
976,133,Vegetable
977,133,Marinara_Sauce
978,133,Garlic
979,133,Parmesan_Cheese
980,133,Spinach
981,133,Olive_Oil
982,134,Corn_Tortilla
983,134,Chicken
984,134,Cabbage
985,134,Pico_De_Gallo
986,134,Cilantro
987,134,Lime_Juice
988,134,Cotija_Cheese
989,135,Grilled_Chicken
990,135,Romaine_Lettuce
991,135,Cauliflower
992,135,Carrot
993,135,Cilantro_Lime_Dressing
994,135,Croutons
995,135,Parmesan_Cheese
996,136,Flour_Tortilla
997,136,Lentil
998,136,Caesar_Sauce
999,136,Romaine_Lettuce
1000,136,Tomato
1001,136,Red_Onion
1002,136,Parmesan_Cheese
1003,137,Chickpea
1004,137,Farro
1005,137,Broccoli
1006,137,Carrot
1007,137,Edamame
1008,137,Lemon_Herb_Sauce
1009,137,Sesame_Seeds
1010,138,Sourdough_Bread
1011,138,Portobello
1012,138,Lettuce
1013,138,Tomato
1014,138,Pickles
1015,138,Red_Onion
1016,138,Parmesan_Cheese
1017,138,Mayonnaise
1018,139,Corn_Tortilla
1019,139,Chickpea
1020,139,Salsa_Verde_Sauce
1021,139,Monterey_Jack_Cheese
1022,139,Onion
1023,139,Cilantro
1024,139,Rice
1025,139,Sour_Cream
1026,140,Chicken
1027,140,Pita_Bread
1028,140,Rice
1029,140,Cucumber
1030,140,Tomato
1031,140,Tzatziki_Sauce
1032,140,Red_Onion
1033,140,Parsley
1034,141,Chicken
1035,141,Quinoa
1036,141,Pesto_Sauce
1037,141,Broccoli
1038,141,Carrot
1039,141,Olive_Oil
1040,141,Garlic
1041,141,Kosher_Salt
1042,142,Shrimp
1043,142,Jasmine_Rice
1044,142,Coconut_Milk
1045,142,Massaman_Curry_Paste
1046,142,Bell_Pepper
1047,142,Onion
1048,142,Basil
1049,142,Lime_Juice
1050,143,Chicken
1051,143,Bell_Pepper
1052,143,Broccoli
1053,143,Soy_Sauce
1054,143,Garlic
1055,143,Ginger
1056,143,Sesame_Oil
1057,143,Brown_Rice
1058,144,Ramen_Noodles
1059,144,Mushroom
1060,144,Miso_Broth
1061,144,Soft_Boiled_Egg
1062,144,Green_Onion
1063,144,Nori
1064,144,Sesame_Seeds
1065,145,Eggs
1066,145,Spinach
1067,145,Corn
1068,145,Mozzarella_Cheese
1069,145,Whole_Milk
1070,145,Canola_Oil
1071,145,Kosher_Salt
1072,145,Black_Pepper
1073,146,Rolled_Oats
1074,146,Pineapple
1075,146,Pecans
1076,146,Low_Fat_Milk
1077,146,Cinnamon
1078,146,Maple_Syrup
1079,146,Chia_Seeds
1080,147,All_Purpose_Flour
1081,147,Eggs
1082,147,Whole_Milk
1083,147,Baking_Powder
1084,147,Blueberry
1085,147,Butter
1086,147,Sugar
1087,147,Vanilla_Extract
1088,148,Flour_Tortilla
1089,148,Eggs
1090,148,Potato
1091,148,Cheddar_Cheese
1092,148,Salsa
1093,148,Potatoes
1094,148,Green_Onion
1095,148,Kosher_Salt
1096,149,Greek_Yogurt
1097,149,Blueberry
1098,149,Granola
1099,149,Honey
1100,149,Chia_Seeds
1101,149,Vanilla_Extract
1102,150,Croissant
1103,150,Eggs
1104,150,Turkey_Sausage
1105,150,Cheddar_Cheese
1106,150,Tomato
1107,150,Spinach
1108,150,Butter
1109,150,Black_Pepper
1110,151,Chicken
1111,151,Couscous
1112,151,Broccoli
1113,151,Carrot
1114,151,Edamame
1115,151,Lemon_Herb_Sauce
1116,151,Sesame_Seeds
1117,152,Brioche_Bun
1118,152,Chicken
1119,152,Lettuce
1120,152,Tomato
1121,152,Pickles
1122,152,Red_Onion
1123,152,Parmesan_Cheese
1124,152,Mayonnaise
1125,153,Minestrone
1126,153,Vegetable_Broth
1127,153,Carrot
1128,153,Celery
1129,153,Onion
1130,153,Garlic
1131,153,Kosher_Salt
1132,153,Black_Pepper
1133,154,Rotini
1134,154,Vegetable
1135,154,Garlic_Olive_Oil_Sauce
1136,154,Garlic
1137,154,Parmesan_Cheese
1138,154,Spinach
1139,154,Olive_Oil
1140,155,Corn_Tortilla
1141,155,Fish
1142,155,Cabbage
1143,155,Pico_De_Gallo
1144,155,Cilantro
1145,155,Lime_Juice
1146,155,Cotija_Cheese
1147,156,Lentil
1148,156,Romaine_Lettuce
1149,156,Cabbage
1150,156,Tomato
1151,156,Balsamic_Dressing
1152,156,Croutons
1153,156,Parmesan_Cheese
1154,157,Salmon
1155,157,Quinoa
1156,157,Ginger_Soy_Sauce
1157,157,Broccoli
1158,157,Carrot
1159,157,Olive_Oil
1160,157,Garlic
1161,157,Kosher_Salt
1162,158,Vegetable
1163,158,Jasmine_Rice
1164,158,Coconut_Milk
1165,158,Massaman_Curry_Paste
1166,158,Bell_Pepper
1167,158,Onion
1168,158,Basil
1169,158,Lime_Juice
1170,159,Shrimp
1171,159,Carrot
1172,159,Sweet_Potato
1173,159,Soy_Sauce
1174,159,Garlic
1175,159,Ginger
1176,159,Sesame_Oil
1177,159,Brown_Rice
1178,160,Ramen_Noodles
1179,160,Mushroom
1180,160,Miso_Broth
1181,160,Soft_Boiled_Egg
1182,160,Green_Onion
1183,160,Nori
1184,160,Sesame_Seeds
1185,161,Farfalle
1186,161,Vegetable
1187,161,Creamy_Pesto_Sauce
1188,161,Garlic
1189,161,Tomato
1190,161,Parmesan_Cheese
1191,161,Olive_Oil
1192,161,Basil
1193,162,Cod
1194,162,Mashed_Potatoes
1195,162,Green_Bean
1196,162,Lemon_Juice
1197,162,Butter
1198,162,Parsley
1199,162,Kosher_Salt
1200,162,Black_Pepper
1201,163,Eggs
1202,163,Cucumber
1203,163,Tomato
1204,163,Swiss_Cheese
1205,163,Whole_Milk
1206,163,Canola_Oil
1207,163,Kosher_Salt
1208,163,Black_Pepper
1209,164,Rolled_Oats
1210,164,Peach
1211,164,Peanuts
1212,164,Low_Fat_Milk
1213,164,Cinnamon
1214,164,Maple_Syrup
1215,164,Chia_Seeds
1216,165,All_Purpose_Flour
1217,165,Eggs
1218,165,Whole_Milk
1219,165,Baking_Powder
1220,165,Pineapple
1221,165,Butter
1222,165,Sugar
1223,165,Vanilla_Extract
1224,166,Flour_Tortilla
1225,166,Eggs
1226,166,Chorizo_Style_Tofu
1227,166,Cheddar_Cheese
1228,166,Salsa
1229,166,Potatoes
1230,166,Green_Onion
1231,166,Kosher_Salt
1232,167,Greek_Yogurt
1233,167,Peach
1234,167,Granola
1235,167,Honey
1236,167,Chia_Seeds
1237,167,Vanilla_Extract
1238,168,Croissant
1239,168,Eggs
1240,168,Egg
1241,168,Parmesan_Cheese
1242,168,Tomato
1243,168,Spinach
1244,168,Butter
1245,168,Black_Pepper
1246,169,Corn_Tortilla
1247,169,Black_Bean
1248,169,Cabbage
1249,169,Pico_De_Gallo
1250,169,Cilantro
1251,169,Lime_Juice
1252,169,Cotija_Cheese
1253,170,Baked_Tofu
1254,170,Romaine_Lettuce
1255,170,Carrot
1256,170,Tomato
1257,170,Cilantro_Lime_Dressing
1258,170,Croutons
1259,170,Parmesan_Cheese
1260,171,Flour_Tortilla
1261,171,Tofu
1262,171,Pesto_Sauce
1263,171,Romaine_Lettuce
1264,171,Tomato
1265,171,Red_Onion
1266,171,Feta_Cheese
1267,172,Chicken
1268,172,Brown_Rice
1269,172,Broccoli
1270,172,Carrot
1271,172,Edamame
1272,172,Teriyaki_Sauce
1273,172,Sesame_Seeds
1274,173,Brioche_Bun
1275,173,Beef
1276,173,Lettuce
1277,173,Tomato
1278,173,Pickles
1279,173,Red_Onion
1280,173,Cheddar_Cheese
1281,173,Mayonnaise
1282,174,Chicken_Noodle
1283,174,Vegetable_Broth
1284,174,Carrot
1285,174,Celery
1286,174,Onion
1287,174,Garlic
1288,174,Kosher_Salt
1289,174,Black_Pepper
1290,175,Beef
1291,175,Sweet_Potato
1292,175,Cauliflower
1293,175,Soy_Sauce
1294,175,Garlic
1295,175,Ginger
1296,175,Sesame_Oil
1297,175,Brown_Rice
1298,176,Ramen_Noodles
1299,176,Pork
1300,176,Miso_Broth
1301,176,Soft_Boiled_Egg
1302,176,Green_Onion
1303,176,Mushroom
1304,176,Nori
1305,176,Sesame_Seeds
1306,177,Linguine
1307,177,Tofu
1308,177,Arrabbiata_Sauce
1309,177,Garlic
1310,177,Tomato
1311,177,Parmesan_Cheese
1312,177,Olive_Oil
1313,177,Basil
1314,178,Chicken
1315,178,Mashed_Potatoes
1316,178,Green_Bean
1317,178,Lemon_Juice
1318,178,Butter
1319,178,Parsley
1320,178,Kosher_Salt
1321,178,Black_Pepper
1322,179,Corn_Tortilla
1323,179,Black_Bean
1324,179,Red_Chile_Sauce
1325,179,Monterey_Jack_Cheese
1326,179,Onion
1327,179,Cilantro
1328,179,Rice
1329,179,Sour_Cream
1330,180,Chicken
1331,180,Pita_Bread
1332,180,Rice
1333,180,Cucumber
1334,180,Tomato
1335,180,Tzatziki_Sauce
1336,180,Red_Onion
1337,180,Parsley
1338,181,Eggs
1339,181,Spinach
1340,181,Bell_Pepper
1341,181,Parmesan_Cheese
1342,181,Whole_Milk
1343,181,Canola_Oil
1344,181,Kosher_Salt
1345,181,Black_Pepper
1346,182,Rolled_Oats
1347,182,Strawberry
1348,182,Peanuts
1349,182,Low_Fat_Milk
1350,182,Cinnamon
1351,182,Maple_Syrup
1352,182,Chia_Seeds
1353,183,All_Purpose_Flour
1354,183,Eggs
1355,183,Whole_Milk
1356,183,Baking_Powder
1357,183,Raspberry
1358,183,Butter
1359,183,Sugar
1360,183,Vanilla_Extract
1361,184,Flour_Tortilla
1362,184,Eggs
1363,184,Chorizo_Style_Tofu
1364,184,Cheddar_Cheese
1365,184,Salsa
1366,184,Potatoes
1367,184,Green_Onion
1368,184,Kosher_Salt
1369,185,Greek_Yogurt
1370,185,Apple
1371,185,Granola
1372,185,Honey
1373,185,Chia_Seeds
1374,185,Vanilla_Extract
1375,186,Bagel
1376,186,Eggs
1377,186,Turkey_Sausage
1378,186,Mozzarella_Cheese
1379,186,Tomato
1380,186,Spinach
1381,186,Butter
1382,186,Black_Pepper
1383,187,Sourdough_Bread
1384,187,Beef
1385,187,Lettuce
1386,187,Tomato
1387,187,Pickles
1388,187,Red_Onion
1389,187,Feta_Cheese
1390,187,Mayonnaise
1391,188,Broccoli_Cheddar
1392,188,Vegetable_Broth
1393,188,Carrot
1394,188,Celery
1395,188,Onion
1396,188,Garlic
1397,188,Kosher_Salt
1398,188,Black_Pepper
1399,189,Linguine
1400,189,Turkey
1401,189,Alfredo_Sauce
1402,189,Garlic
1403,189,Parmesan_Cheese
1404,189,Spinach
1405,189,Olive_Oil
1406,190,Corn_Tortilla
1407,190,Chicken
1408,190,Cabbage
1409,190,Pico_De_Gallo
1410,190,Cilantro
1411,190,Lime_Juice
1412,190,Cotija_Cheese
1413,191,Grilled_Chicken
1414,191,Romaine_Lettuce
1415,191,Spinach
1416,191,Avocado
1417,191,Caesar_Dressing
1418,191,Croutons
1419,191,Parmesan_Cheese
1420,192,Flour_Tortilla
1421,192,Lentil
1422,192,Buffalo_Sauce
1423,192,Romaine_Lettuce
1424,192,Tomato
1425,192,Red_Onion
1426,192,Feta_Cheese
1427,193,Rigatoni
1428,193,Vegetable
1429,193,Arrabbiata_Sauce
1430,193,Garlic
1431,193,Tomato
1432,193,Parmesan_Cheese
1433,193,Olive_Oil
1434,193,Basil
1435,194,Tofu
1436,194,Rice_Pilaf
1437,194,Green_Bean
1438,194,Lemon_Juice
1439,194,Butter
1440,194,Parsley
1441,194,Kosher_Salt
1442,194,Black_Pepper
1443,195,Beef
1444,195,Pita_Bread
1445,195,Rice
1446,195,Cucumber
1447,195,Tomato
1448,195,Tzatziki_Sauce
1449,195,Red_Onion
1450,195,Parsley
1451,196,Turkey
1452,196,Farro
1453,196,Buffalo_Sauce
1454,196,Broccoli
1455,196,Carrot
1456,196,Olive_Oil
1457,196,Garlic
1458,196,Kosher_Salt
1459,197,Beef
1460,197,Jasmine_Rice
1461,197,Coconut_Milk
1462,197,Green_Curry_Paste
1463,197,Bell_Pepper
1464,197,Onion
1465,197,Basil
1466,197,Lime_Juice
1467,198,Beef
1468,198,Green_Bean
1469,198,Avocado
1470,198,Soy_Sauce
1471,198,Garlic
1472,198,Ginger
1473,198,Sesame_Oil
1474,198,Brown_Rice
1475,199,Rolled_Oats
1476,199,Banana
1477,199,Pecans
1478,199,Low_Fat_Milk
1479,199,Cinnamon
1480,199,Maple_Syrup
1481,199,Chia_Seeds
1482,200,All_Purpose_Flour
1483,200,Eggs
1484,200,Whole_Milk
1485,200,Baking_Powder
1486,200,Raspberry
1487,200,Butter
1488,200,Sugar
1489,200,Vanilla_Extract
1490,201,Flour_Tortilla
1491,201,Eggs
1492,201,Chorizo_Style_Tofu
1493,201,Cheddar_Cheese
1494,201,Salsa
1495,201,Potatoes
1496,201,Green_Onion
1497,201,Kosher_Salt
1498,202,Greek_Yogurt
1499,202,Mango
1500,202,Granola
1501,202,Honey
1502,202,Chia_Seeds
1503,202,Vanilla_Extract
1504,203,Bagel
1505,203,Eggs
1506,203,Tofu
1507,203,Pepper_Jack_Cheese
1508,203,Tomato
1509,203,Spinach
1510,203,Butter
1511,203,Black_Pepper
1512,204,Eggs
1513,204,Onion
1514,204,Spinach
1515,204,Feta_Cheese
1516,204,Whole_Milk
1517,204,Canola_Oil
1518,204,Kosher_Salt
1519,204,Black_Pepper
1520,205,Flour_Tortilla
1521,205,Salmon
1522,205,Buffalo_Sauce
1523,205,Romaine_Lettuce
1524,205,Tomato
1525,205,Red_Onion
1526,205,Pepper_Jack_Cheese
1527,206,Beef
1528,206,Quinoa
1529,206,Broccoli
1530,206,Carrot
1531,206,Edamame
1532,206,Chipotle_Sauce
1533,206,Sesame_Seeds
1534,207,Sourdough_Bread
1535,207,Beef
1536,207,Lettuce
1537,207,Tomato
1538,207,Pickles
1539,207,Red_Onion
1540,207,Cheddar_Cheese
1541,207,Mayonnaise
1542,208,Lentil
1543,208,Vegetable_Broth
1544,208,Carrot
1545,208,Celery
1546,208,Onion
1547,208,Garlic
1548,208,Kosher_Salt
1549,208,Black_Pepper
1550,209,Penne
1551,209,Tofu
1552,209,Garlic_Olive_Oil_Sauce
1553,209,Garlic
1554,209,Parmesan_Cheese
1555,209,Spinach
1556,209,Olive_Oil
1557,210,Corn_Tortilla
1558,210,Fish
1559,210,Cabbage
1560,210,Pico_De_Gallo
1561,210,Cilantro
1562,210,Lime_Juice
1563,210,Cotija_Cheese
1564,211,Chicken
1565,211,Pita_Bread
1566,211,Rice
1567,211,Cucumber
1568,211,Tomato
1569,211,Tzatziki_Sauce
1570,211,Red_Onion
1571,211,Parsley
1572,212,Chicken
1573,212,Brown_Rice
1574,212,Coconut_Curry_Sauce
1575,212,Broccoli
1576,212,Carrot
1577,212,Olive_Oil
1578,212,Garlic
1579,212,Kosher_Salt
1580,213,Chicken
1581,213,Jasmine_Rice
1582,213,Coconut_Milk
1583,213,Massaman_Curry_Paste
1584,213,Bell_Pepper
1585,213,Onion
1586,213,Basil
1587,213,Lime_Juice
1588,214,Tofu
1589,214,Zucchini
1590,214,Onion
1591,214,Soy_Sauce
1592,214,Garlic
1593,214,Ginger
1594,214,Sesame_Oil
1595,214,Brown_Rice
1596,215,Ramen_Noodles
1597,215,Mushroom
1598,215,Miso_Broth
1599,215,Soft_Boiled_Egg
1600,215,Green_Onion
1601,215,Nori
1602,215,Sesame_Seeds
1603,216,Rigatoni
1604,216,Tofu
1605,216,Arrabbiata_Sauce
1606,216,Garlic
1607,216,Tomato
1608,216,Parmesan_Cheese
1609,216,Olive_Oil
1610,216,Basil
1611,217,Rolled_Oats
1612,217,Banana
1613,217,Pecans
1614,217,Low_Fat_Milk
1615,217,Cinnamon
1616,217,Maple_Syrup
1617,217,Chia_Seeds
1618,218,All_Purpose_Flour
1619,218,Eggs
1620,218,Whole_Milk
1621,218,Baking_Powder
1622,218,Strawberry
1623,218,Butter
1624,218,Sugar
1625,218,Vanilla_Extract
1626,219,Flour_Tortilla
1627,219,Eggs
1628,219,Vegetable
1629,219,Cheddar_Cheese
1630,219,Salsa
1631,219,Potatoes
1632,219,Green_Onion
1633,219,Kosher_Salt
1634,220,Greek_Yogurt
1635,220,Peach
1636,220,Granola
1637,220,Honey
1638,220,Chia_Seeds
1639,220,Vanilla_Extract
1640,221,Bagel
1641,221,Eggs
1642,221,Avocado
1643,221,Feta_Cheese
1644,221,Tomato
1645,221,Spinach
1646,221,Butter
1647,221,Black_Pepper
1648,222,Eggs
1649,222,Mushroom
1650,222,Spinach
1651,222,Parmesan_Cheese
1652,222,Whole_Milk
1653,222,Canola_Oil
1654,222,Kosher_Salt
1655,222,Black_Pepper
1656,223,Macaroni
1657,223,Shrimp
1658,223,Marinara_Sauce
1659,223,Garlic
1660,223,Parmesan_Cheese
1661,223,Spinach
1662,223,Olive_Oil
1663,224,Corn_Tortilla
1664,224,Chicken
1665,224,Cabbage
1666,224,Pico_De_Gallo
1667,224,Cilantro
1668,224,Lime_Juice
1669,224,Cotija_Cheese
1670,225,Roasted_Turkey
1671,225,Romaine_Lettuce
1672,225,Bell_Pepper
1673,225,Broccoli
1674,225,Ranch_Dressing
1675,225,Croutons
1676,225,Parmesan_Cheese
1677,226,Flour_Tortilla
1678,226,Beef
1679,226,Chipotle_Sauce
1680,226,Romaine_Lettuce
1681,226,Tomato
1682,226,Red_Onion
1683,226,Parmesan_Cheese
1684,227,Salmon
1685,227,Rice
1686,227,Broccoli
1687,227,Carrot
1688,227,Edamame
1689,227,Ginger_Soy_Sauce
1690,227,Sesame_Seeds
1691,228,Brioche_Bun
1692,228,Chicken
1693,228,Lettuce
1694,228,Tomato
1695,228,Pickles
1696,228,Red_Onion
1697,228,Mozzarella_Cheese
1698,228,Mayonnaise
1699,229,Chicken
1700,229,Jasmine_Rice
1701,229,Coconut_Milk
1702,229,Green_Curry_Paste
1703,229,Bell_Pepper
1704,229,Onion
1705,229,Basil
1706,229,Lime_Juice
1707,230,Tofu
1708,230,Onion
1709,230,Peas
1710,230,Soy_Sauce
1711,230,Garlic
1712,230,Ginger
1713,230,Sesame_Oil
1714,230,Brown_Rice
1715,231,Ramen_Noodles
1716,231,Chicken
1717,231,Miso_Broth
1718,231,Soft_Boiled_Egg
1719,231,Green_Onion
1720,231,Mushroom
1721,231,Nori
1722,231,Sesame_Seeds
1723,232,Farfalle
1724,232,Tofu
1725,232,Roasted_Garlic_Sauce
1726,232,Garlic
1727,232,Tomato
1728,232,Parmesan_Cheese
1729,232,Olive_Oil
1730,232,Basil
1731,233,Tofu
1732,233,Mashed_Potatoes
1733,233,Green_Bean
1734,233,Lemon_Juice
1735,233,Butter
1736,233,Parsley
1737,233,Kosher_Salt
1738,233,Black_Pepper
1739,234,Corn_Tortilla
1740,234,Lentil
1741,234,Tomatillo_Sauce
1742,234,Monterey_Jack_Cheese
1743,234,Onion
1744,234,Cilantro
1745,234,Rice
1746,234,Sour_Cream
1747,235,Rolled_Oats
1748,235,Pineapple
1749,235,Cashews
1750,235,Low_Fat_Milk
1751,235,Cinnamon
1752,235,Maple_Syrup
1753,235,Chia_Seeds
1754,236,All_Purpose_Flour
1755,236,Eggs
1756,236,Whole_Milk
1757,236,Baking_Powder
1758,236,Strawberry
1759,236,Butter
1760,236,Sugar
1761,236,Vanilla_Extract
1762,237,Flour_Tortilla
1763,237,Eggs
1764,237,Chorizo_Style_Tofu
1765,237,Cheddar_Cheese
1766,237,Salsa
1767,237,Potatoes
1768,237,Green_Onion
1769,237,Kosher_Salt
1770,238,Greek_Yogurt
1771,238,Raspberry
1772,238,Granola
1773,238,Honey
1774,238,Chia_Seeds
1775,238,Vanilla_Extract
1776,239,Bagel
1777,239,Eggs
1778,239,Turkey_Sausage
1779,239,Cheddar_Cheese
1780,239,Tomato
1781,239,Spinach
1782,239,Butter
1783,239,Black_Pepper
1784,240,Eggs
1785,240,Cucumber
1786,240,Mushroom
1787,240,Mozzarella_Cheese
1788,240,Whole_Milk
1789,240,Canola_Oil
1790,240,Kosher_Salt
1791,240,Black_Pepper
1792,241,Turkey
1793,241,Brown_Rice
1794,241,Broccoli
1795,241,Carrot
1796,241,Edamame
1797,241,Lemon_Herb_Sauce
1798,241,Sesame_Seeds
1799,242,Sourdough_Bread
1800,242,Beef
1801,242,Lettuce
1802,242,Tomato
1803,242,Pickles
1804,242,Red_Onion
1805,242,Cheddar_Cheese
1806,242,Mayonnaise
1807,243,Broccoli_Cheddar
1808,243,Vegetable_Broth
1809,243,Carrot
1810,243,Celery
1811,243,Onion
1812,243,Garlic
1813,243,Kosher_Salt
1814,243,Black_Pepper
1815,244,Macaroni
1816,244,Chicken
1817,244,Marinara_Sauce
1818,244,Garlic
1819,244,Parmesan_Cheese
1820,244,Spinach
1821,244,Olive_Oil
1822,245,Corn_Tortilla
1823,245,Tofu
1824,245,Cabbage
1825,245,Pico_De_Gallo
1826,245,Cilantro
1827,245,Lime_Juice
1828,245,Cotija_Cheese
1829,246,Baked_Tofu
1830,246,Romaine_Lettuce
1831,246,Cucumber
1832,246,Mushroom
1833,246,Caesar_Dressing
1834,246,Croutons
1835,246,Parmesan_Cheese
1836,247,Ramen_Noodles
1837,247,Pork
1838,247,Miso_Broth
1839,247,Soft_Boiled_Egg
1840,247,Green_Onion
1841,247,Mushroom
1842,247,Nori
1843,247,Sesame_Seeds
1844,248,Linguine
1845,248,Tofu
1846,248,Creamy_Pesto_Sauce
1847,248,Garlic
1848,248,Tomato
1849,248,Parmesan_Cheese
1850,248,Olive_Oil
1851,248,Basil
1852,249,Salmon
1853,249,Roasted_Potatoes
1854,249,Green_Bean
1855,249,Lemon_Juice
1856,249,Butter
1857,249,Parsley
1858,249,Kosher_Salt
1859,249,Black_Pepper
1860,250,Corn_Tortilla
1861,250,Black_Bean
1862,250,Salsa_Verde_Sauce
1863,250,Monterey_Jack_Cheese
1864,250,Onion
1865,250,Cilantro
1866,250,Rice
1867,250,Sour_Cream
1868,251,Tofu
1869,251,Pita_Bread
1870,251,Rice
1871,251,Cucumber
1872,251,Tomato
1873,251,Tzatziki_Sauce
1874,251,Red_Onion
1875,251,Parsley
1876,252,Chicken
1877,252,Rice
1878,252,Ginger_Soy_Sauce
1879,252,Broccoli
1880,252,Carrot
1881,252,Olive_Oil
1882,252,Garlic
1883,252,Kosher_Salt
1884,253,Rolled_Oats
1885,253,Raspberry
1886,253,Pecans
1887,253,Low_Fat_Milk
1888,253,Cinnamon
1889,253,Maple_Syrup
1890,253,Chia_Seeds
1891,254,All_Purpose_Flour
1892,254,Eggs
1893,254,Whole_Milk
1894,254,Baking_Powder
1895,254,Peach
1896,254,Butter
1897,254,Sugar
1898,254,Vanilla_Extract
1899,255,Greek_Yogurt
1900,255,Raspberry
1901,255,Granola
1902,255,Honey
1903,255,Chia_Seeds
1904,255,Vanilla_Extract
1905,256,Bagel
1906,256,Eggs
1907,256,Ham
1908,256,Parmesan_Cheese
1909,256,Tomato
1910,256,Spinach
1911,256,Butter
1912,256,Black_Pepper
1913,257,Eggs
1914,257,Spinach
1915,257,Cucumber
1916,257,Feta_Cheese
1917,257,Whole_Milk
1918,257,Canola_Oil
1919,257,Kosher_Salt
1920,257,Black_Pepper
1921,258,Rolled_Oats
1922,258,Raspberry
1923,258,Cashews
1924,258,Low_Fat_Milk
1925,258,Cinnamon
1926,258,Maple_Syrup
1927,258,Chia_Seeds
1928,259,Baked_Tofu
1929,259,Romaine_Lettuce
1930,259,Carrot
1931,259,Tomato
1932,259,Ranch_Dressing
1933,259,Croutons
1934,259,Parmesan_Cheese
1935,260,Flour_Tortilla
1936,260,Chickpea
1937,260,Mediterranean_Sauce
1938,260,Romaine_Lettuce
1939,260,Tomato
1940,260,Red_Onion
1941,260,Parmesan_Cheese
1942,261,Pork
1943,261,Brown_Rice
1944,261,Broccoli
1945,261,Carrot
1946,261,Edamame
1947,261,Ginger_Soy_Sauce
1948,261,Sesame_Seeds
1949,262,Sourdough_Bread
1950,262,Beef
1951,262,Lettuce
1952,262,Tomato
1953,262,Pickles
1954,262,Red_Onion
1955,262,Cheddar_Cheese
1956,262,Mayonnaise
1957,263,Chicken_Noodle
1958,263,Vegetable_Broth
1959,263,Carrot
1960,263,Celery
1961,263,Onion
1962,263,Garlic
1963,263,Kosher_Salt
1964,263,Black_Pepper
1965,264,Macaroni
1966,264,Turkey
1967,264,Alfredo_Sauce
1968,264,Garlic
1969,264,Parmesan_Cheese
1970,264,Spinach
1971,264,Olive_Oil
1972,265,Corn_Tortilla
1973,265,Pinto_Bean
1974,265,Tomatillo_Sauce
1975,265,Monterey_Jack_Cheese
1976,265,Onion
1977,265,Cilantro
1978,265,Rice
1979,265,Sour_Cream
1980,266,Beef
1981,266,Pita_Bread
1982,266,Rice
1983,266,Cucumber
1984,266,Tomato
1985,266,Tzatziki_Sauce
1986,266,Red_Onion
1987,266,Parsley
1988,267,Pork
1989,267,Quinoa
1990,267,Coconut_Curry_Sauce
1991,267,Broccoli
1992,267,Carrot
1993,267,Olive_Oil
1994,267,Garlic
1995,267,Kosher_Salt
1996,268,Tofu
1997,268,Sweet_Potato
1998,268,Zucchini
1999,268,Soy_Sauce
2000,268,Garlic
2001,268,Ginger
2002,268,Sesame_Oil
2003,268,Brown_Rice
2004,269,Ramen_Noodles
2005,269,Tofu
2006,269,Miso_Broth
2007,269,Soft_Boiled_Egg
2008,269,Green_Onion
2009,269,Mushroom
2010,269,Nori
2011,269,Sesame_Seeds
2012,270,Farfalle
2013,270,Tofu
2014,270,Tomato_Basil_Sauce
2015,270,Garlic
2016,270,Tomato
2017,270,Parmesan_Cheese
2018,270,Olive_Oil
2019,270,Basil
2020,271,Flour_Tortilla
2021,271,Eggs
2022,271,Vegetable
2023,271,Cheddar_Cheese
2024,271,Salsa
2025,271,Potatoes
2026,271,Green_Onion
2027,271,Kosher_Salt
2028,272,Greek_Yogurt
2029,272,Raspberry
2030,272,Granola
2031,272,Honey
2032,272,Chia_Seeds
2033,272,Vanilla_Extract
2034,273,English_Muffin
2035,273,Eggs
2036,273,Ham
2037,273,Parmesan_Cheese
2038,273,Tomato
2039,273,Spinach
2040,273,Butter
2041,273,Black_Pepper
2042,274,Eggs
2043,274,Tomato
2044,274,Cucumber
2045,274,Parmesan_Cheese
2046,274,Whole_Milk
2047,274,Canola_Oil
2048,274,Kosher_Salt
2049,274,Black_Pepper
2050,275,Rolled_Oats
2051,275,Mango
2052,275,Peanuts
2053,275,Low_Fat_Milk
2054,275,Cinnamon
2055,275,Maple_Syrup
2056,275,Chia_Seeds
2057,276,All_Purpose_Flour
2058,276,Eggs
2059,276,Whole_Milk
2060,276,Baking_Powder
2061,276,Apple
2062,276,Butter
2063,276,Sugar
2064,276,Vanilla_Extract
2065,277,Rotini
2066,277,Shrimp
2067,277,Marinara_Sauce
2068,277,Garlic
2069,277,Parmesan_Cheese
2070,277,Spinach
2071,277,Olive_Oil
2072,278,Corn_Tortilla
2073,278,Tofu
2074,278,Cabbage
2075,278,Pico_De_Gallo
2076,278,Cilantro
2077,278,Lime_Juice
2078,278,Cotija_Cheese
2079,279,Grilled_Chicken
2080,279,Romaine_Lettuce
2081,279,Zucchini
2082,279,Asparagus
2083,279,Balsamic_Dressing
2084,279,Croutons
2085,279,Parmesan_Cheese
2086,280,Flour_Tortilla
2087,280,Beef
2088,280,Chipotle_Sauce
2089,280,Romaine_Lettuce
2090,280,Tomato
2091,280,Red_Onion
2092,280,Cheddar_Cheese
2093,281,Chicken
2094,281,Rice
2095,281,Broccoli
2096,281,Carrot
2097,281,Edamame
2098,281,Cilantro_Lime_Sauce
2099,281,Sesame_Seeds
2100,282,Sourdough_Bread
2101,282,Chicken
2102,282,Lettuce
2103,282,Tomato
2104,282,Pickles
2105,282,Red_Onion
2106,282,Mozzarella_Cheese
2107,282,Mayonnaise
2108,283,Vegetable
2109,283,Jasmine_Rice
2110,283,Coconut_Milk
2111,283,Red_Curry_Paste
2112,283,Bell_Pepper
2113,283,Onion
2114,283,Basil
2115,283,Lime_Juice
2116,284,Chicken
2117,284,Mushroom
2118,284,Spinach
2119,284,Soy_Sauce
2120,284,Garlic
2121,284,Ginger
2122,284,Sesame_Oil
2123,284,Brown_Rice
2124,285,Ramen_Noodles
2125,285,Pork
2126,285,Miso_Broth
2127,285,Soft_Boiled_Egg
2128,285,Green_Onion
2129,285,Mushroom
2130,285,Nori
2131,285,Sesame_Seeds
2132,286,Rigatoni
2133,286,Chicken
2134,286,Arrabbiata_Sauce
2135,286,Garlic
2136,286,Tomato
2137,286,Parmesan_Cheese
2138,286,Olive_Oil
2139,286,Basil
2140,287,Cod
2141,287,Quinoa
2142,287,Green_Bean
2143,287,Lemon_Juice
2144,287,Butter
2145,287,Parsley
2146,287,Kosher_Salt
2147,287,Black_Pepper
2148,288,Corn_Tortilla
2149,288,Black_Bean
2150,288,Tomatillo_Sauce
2151,288,Monterey_Jack_Cheese
2152,288,Onion
2153,288,Cilantro
2154,288,Rice
2155,288,Sour_Cream
2156,289,Flour_Tortilla
2157,289,Eggs
2158,289,Vegetable
2159,289,Cheddar_Cheese
2160,289,Salsa
2161,289,Potatoes
2162,289,Green_Onion
2163,289,Kosher_Salt
2164,290,Greek_Yogurt
2165,290,Apple
2166,290,Granola
2167,290,Honey
2168,290,Chia_Seeds
2169,290,Vanilla_Extract
2170,291,English_Muffin
2171,291,Eggs
2172,291,Tofu
2173,291,Feta_Cheese
2174,291,Tomato
2175,291,Spinach
2176,291,Butter
2177,291,Black_Pepper
2178,292,Eggs
2179,292,Zucchini
2180,292,Corn
2181,292,Cheddar_Cheese
2182,292,Whole_Milk
2183,292,Canola_Oil
2184,292,Kosher_Salt
2185,292,Black_Pepper
2186,293,Rolled_Oats
2187,293,Strawberry
2188,293,Almonds
2189,293,Low_Fat_Milk
2190,293,Cinnamon
2191,293,Maple_Syrup
2192,293,Chia_Seeds
2193,294,Flour_Tortilla
2194,294,Eggs
2195,294,Turkey_Sausage
2196,294,Cheddar_Cheese
2197,294,Salsa
2198,294,Potatoes
2199,294,Green_Onion
2200,294,Kosher_Salt
2201,295,Brioche_Bun
2202,295,Portobello
2203,295,Lettuce
2204,295,Tomato
2205,295,Pickles
2206,295,Red_Onion
2207,295,Cheddar_Cheese
2208,295,Mayonnaise
2209,296,Minestrone
2210,296,Vegetable_Broth
2211,296,Carrot
2212,296,Celery
2213,296,Onion
2214,296,Garlic
2215,296,Kosher_Salt
2216,296,Black_Pepper
2217,297,Macaroni
2218,297,Chicken
2219,297,Pesto_Sauce
2220,297,Garlic
2221,297,Parmesan_Cheese
2222,297,Spinach
2223,297,Olive_Oil
2224,298,Baked_Tofu
2225,298,Romaine_Lettuce
2226,298,Zucchini
2227,298,Spinach
2228,298,Ranch_Dressing
2229,298,Croutons
2230,298,Parmesan_Cheese
2231,299,Flour_Tortilla
2232,299,Shrimp
2233,299,Chipotle_Sauce
2234,299,Romaine_Lettuce
2235,299,Tomato
2236,299,Red_Onion
2237,299,Parmesan_Cheese
2238,300,Shrimp
2239,300,Quinoa
2240,300,Broccoli
2241,300,Carrot
2242,300,Edamame
2243,300,Cilantro_Lime_Sauce
2244,300,Sesame_Seeds
2245,301,Salmon
2246,301,Roasted_Potatoes
2247,301,Green_Bean
2248,301,Lemon_Juice
2249,301,Butter
2250,301,Parsley
2251,301,Kosher_Salt
2252,301,Black_Pepper
2253,302,Vegetable
2254,302,Pita_Bread
2255,302,Rice
2256,302,Cucumber
2257,302,Tomato
2258,302,Tzatziki_Sauce
2259,302,Red_Onion
2260,302,Parsley
2261,303,Salmon
2262,303,Brown_Rice
2263,303,Ginger_Soy_Sauce
2264,303,Broccoli
2265,303,Carrot
2266,303,Olive_Oil
2267,303,Garlic
2268,303,Kosher_Salt
2269,304,Tofu
2270,304,Jasmine_Rice
2271,304,Coconut_Milk
2272,304,Green_Curry_Paste
2273,304,Bell_Pepper
2274,304,Onion
2275,304,Basil
2276,304,Lime_Juice
2277,305,Shrimp
2278,305,Cucumber
2279,305,Onion
2280,305,Soy_Sauce
2281,305,Garlic
2282,305,Ginger
2283,305,Sesame_Oil
2284,305,Brown_Rice
2285,306,Ramen_Noodles
2286,306,Pork
2287,306,Miso_Broth
2288,306,Soft_Boiled_Egg
2289,306,Green_Onion
2290,306,Mushroom
2291,306,Nori
2292,306,Sesame_Seeds
2293,307,Eggs
2294,307,Kale
2295,307,Broccoli
2296,307,Feta_Cheese
2297,307,Whole_Milk
2298,307,Canola_Oil
2299,307,Kosher_Salt
2300,307,Black_Pepper
2301,308,Rolled_Oats
2302,308,Pineapple
2303,308,Peanuts
2304,308,Low_Fat_Milk
2305,308,Cinnamon
2306,308,Maple_Syrup
2307,308,Chia_Seeds
2308,309,All_Purpose_Flour
2309,309,Eggs
2310,309,Whole_Milk
2311,309,Baking_Powder
2312,309,Pineapple
2313,309,Butter
2314,309,Sugar
2315,309,Vanilla_Extract
2316,310,Flour_Tortilla
2317,310,Eggs
2318,310,Turkey_Sausage
2319,310,Cheddar_Cheese
2320,310,Salsa
2321,310,Potatoes
2322,310,Green_Onion
2323,310,Kosher_Salt
2324,311,Greek_Yogurt
2325,311,Apple
2326,311,Granola
2327,311,Honey
2328,311,Chia_Seeds
2329,311,Vanilla_Extract
2330,312,Croissant
2331,312,Eggs
2332,312,Egg
2333,312,Cheddar_Cheese
2334,312,Tomato
2335,312,Spinach
2336,312,Butter
2337,312,Black_Pepper
2338,313,Tofu
2339,313,Farro
2340,313,Broccoli
2341,313,Carrot
2342,313,Edamame
2343,313,Cilantro_Lime_Sauce
2344,313,Sesame_Seeds
2345,314,Sourdough_Bread
2346,314,Portobello
2347,314,Lettuce
2348,314,Tomato
2349,314,Pickles
2350,314,Red_Onion
2351,314,Mozzarella_Cheese
2352,314,Mayonnaise
2353,315,Minestrone
2354,315,Vegetable_Broth
2355,315,Carrot
2356,315,Celery
2357,315,Onion
2358,315,Garlic
2359,315,Kosher_Salt
2360,315,Black_Pepper
2361,316,Penne
2362,316,Turkey
2363,316,Pesto_Sauce
2364,316,Garlic
2365,316,Parmesan_Cheese
2366,316,Spinach
2367,316,Olive_Oil
2368,317,Corn_Tortilla
2369,317,Carnitas
2370,317,Cabbage
2371,317,Pico_De_Gallo
2372,317,Cilantro
2373,317,Lime_Juice
2374,317,Cotija_Cheese
2375,318,Grilled_Chicken
2376,318,Romaine_Lettuce
2377,318,Peas
2378,318,Corn
2379,318,Ranch_Dressing
2380,318,Croutons
2381,318,Parmesan_Cheese
2382,319,Turkey
2383,319,Quinoa
2384,319,Honey_Mustard_Sauce
2385,319,Broccoli
2386,319,Carrot
2387,319,Olive_Oil
2388,319,Garlic
2389,319,Kosher_Salt
2390,320,Tofu
2391,320,Jasmine_Rice
2392,320,Coconut_Milk
2393,320,Massaman_Curry_Paste
2394,320,Bell_Pepper
2395,320,Onion
2396,320,Basil
2397,320,Lime_Juice
2398,321,Tofu
2399,321,Cucumber
2400,321,Corn
2401,321,Soy_Sauce
2402,321,Garlic
2403,321,Ginger
2404,321,Sesame_Oil
2405,321,Brown_Rice
2406,322,Ramen_Noodles
2407,322,Chicken
2408,322,Miso_Broth
2409,322,Soft_Boiled_Egg
2410,322,Green_Onion
2411,322,Mushroom
2412,322,Nori
2413,322,Sesame_Seeds
2414,323,Linguine
2415,323,Vegetable
2416,323,Creamy_Pesto_Sauce
2417,323,Garlic
2418,323,Tomato
2419,323,Parmesan_Cheese
2420,323,Olive_Oil
2421,323,Basil
2422,324,Corn_Tortilla
2423,324,Black_Bean
2424,324,Tomatillo_Sauce
2425,324,Monterey_Jack_Cheese
2426,324,Onion
2427,324,Cilantro
2428,324,Rice
2429,324,Sour_Cream
2430,325,Rolled_Oats
2431,325,Apple
2432,325,Pecans
2433,325,Low_Fat_Milk
2434,325,Cinnamon
2435,325,Maple_Syrup
2436,325,Chia_Seeds
2437,326,All_Purpose_Flour
2438,326,Eggs
2439,326,Whole_Milk
2440,326,Baking_Powder
2441,326,Apple
2442,326,Butter
2443,326,Sugar
2444,326,Vanilla_Extract
2445,327,Flour_Tortilla
2446,327,Eggs
2447,327,Chorizo_Style_Tofu
2448,327,Cheddar_Cheese
2449,327,Salsa
2450,327,Potatoes
2451,327,Green_Onion
2452,327,Kosher_Salt
2453,328,Greek_Yogurt
2454,328,Apple
2455,328,Granola
2456,328,Honey
2457,328,Chia_Seeds
2458,328,Vanilla_Extract
2459,329,English_Muffin
2460,329,Eggs
2461,329,Tofu
2462,329,Swiss_Cheese
2463,329,Tomato
2464,329,Spinach
2465,329,Butter
2466,329,Black_Pepper
2467,330,Eggs
2468,330,Carrot
2469,330,Corn
2470,330,Mozzarella_Cheese
2471,330,Whole_Milk
2472,330,Canola_Oil
2473,330,Kosher_Salt
2474,330,Black_Pepper
2475,331,Black_Bean
2476,331,Romaine_Lettuce
2477,331,Peas
2478,331,Spinach
2479,331,Ranch_Dressing
2480,331,Croutons
2481,331,Parmesan_Cheese
2482,332,Flour_Tortilla
2483,332,Salmon
2484,332,Mediterranean_Sauce
2485,332,Romaine_Lettuce
2486,332,Tomato
2487,332,Red_Onion
2488,332,Pepper_Jack_Cheese
2489,333,Tofu
2490,333,Brown_Rice
2491,333,Broccoli
2492,333,Carrot
2493,333,Edamame
2494,333,Cilantro_Lime_Sauce
2495,333,Sesame_Seeds
2496,334,Black_Bean
2497,334,Vegetable_Broth
2498,334,Carrot
2499,334,Celery
2500,334,Onion
2501,334,Garlic
2502,334,Kosher_Salt
2503,334,Black_Pepper
2504,335,Linguine
2505,335,Tofu
2506,335,Garlic_Olive_Oil_Sauce
2507,335,Garlic
2508,335,Parmesan_Cheese
2509,335,Spinach
2510,335,Olive_Oil
2511,336,Corn_Tortilla
2512,336,Tofu
2513,336,Cabbage
2514,336,Pico_De_Gallo
2515,336,Cilantro
2516,336,Lime_Juice
2517,336,Cotija_Cheese
2518,337,Rigatoni
2519,337,Meatball
2520,337,Roasted_Garlic_Sauce
2521,337,Garlic
2522,337,Tomato
2523,337,Parmesan_Cheese
2524,337,Olive_Oil
2525,337,Basil
2526,338,Tofu
2527,338,Mashed_Potatoes
2528,338,Green_Bean
2529,338,Lemon_Juice
2530,338,Butter
2531,338,Parsley
2532,338,Kosher_Salt
2533,338,Black_Pepper
2534,339,Corn_Tortilla
2535,339,Lentil
2536,339,Tomatillo_Sauce
2537,339,Monterey_Jack_Cheese
2538,339,Onion
2539,339,Cilantro
2540,339,Rice
2541,339,Sour_Cream
2542,340,Tofu
2543,340,Pita_Bread
2544,340,Rice
2545,340,Cucumber
2546,340,Tomato
2547,340,Tzatziki_Sauce
2548,340,Red_Onion
2549,340,Parsley
2550,341,Chicken
2551,341,Brown_Rice
2552,341,Buffalo_Sauce
2553,341,Broccoli
2554,341,Carrot
2555,341,Olive_Oil
2556,341,Garlic
2557,341,Kosher_Salt
2558,342,Tofu
2559,342,Jasmine_Rice
2560,342,Coconut_Milk
2561,342,Red_Curry_Paste
2562,342,Bell_Pepper
2563,342,Onion
2564,342,Basil
2565,342,Lime_Juice
2566,343,All_Purpose_Flour
2567,343,Eggs
2568,343,Whole_Milk
2569,343,Baking_Powder
2570,343,Mango
2571,343,Butter
2572,343,Sugar
2573,343,Vanilla_Extract
2574,344,Flour_Tortilla
2575,344,Eggs
2576,344,Black_Bean
2577,344,Cheddar_Cheese
2578,344,Salsa
2579,344,Potatoes
2580,344,Green_Onion
2581,344,Kosher_Salt
2582,345,Greek_Yogurt
2583,345,Raspberry
2584,345,Granola
2585,345,Honey
2586,345,Chia_Seeds
2587,345,Vanilla_Extract
2588,346,Biscuit
2589,346,Eggs
2590,346,Tofu
2591,346,Cheddar_Cheese
2592,346,Tomato
2593,346,Spinach
2594,346,Butter
2595,346,Black_Pepper
2596,347,Eggs
2597,347,Zucchini
2598,347,Broccoli
2599,347,Cheddar_Cheese
2600,347,Whole_Milk
2601,347,Canola_Oil
2602,347,Kosher_Salt
2603,347,Black_Pepper
2604,348,Rolled_Oats
2605,348,Pineapple
2606,348,Cashews
2607,348,Low_Fat_Milk
2608,348,Cinnamon
2609,348,Maple_Syrup
2610,348,Chia_Seeds
2611,349,Rotini
2612,349,Shrimp
2613,349,Marinara_Sauce
2614,349,Garlic
2615,349,Parmesan_Cheese
2616,349,Spinach
2617,349,Olive_Oil
2618,350,Corn_Tortilla
2619,350,Carnitas
2620,350,Cabbage
2621,350,Pico_De_Gallo
2622,350,Cilantro
2623,350,Lime_Juice
2624,350,Cotija_Cheese
2625,351,Grilled_Chicken
2626,351,Romaine_Lettuce
2627,351,Green_Bean
2628,351,Cabbage
2629,351,Ranch_Dressing
2630,351,Croutons
2631,351,Parmesan_Cheese
2632,352,Flour_Tortilla
2633,352,Chickpea
2634,352,Pesto_Sauce
2635,352,Romaine_Lettuce
2636,352,Tomato
2637,352,Red_Onion
2638,352,Pepper_Jack_Cheese
2639,353,Shrimp
2640,353,Rice
2641,353,Broccoli
2642,353,Carrot
2643,353,Edamame
2644,353,Ginger_Soy_Sauce
2645,353,Sesame_Seeds
2646,354,Brioche_Bun
2647,354,Black_Bean
2648,354,Lettuce
2649,354,Tomato
2650,354,Pickles
2651,354,Red_Onion
2652,354,Feta_Cheese
2653,354,Mayonnaise
2654,355,Corn_Tortilla
2655,355,Chickpea
2656,355,Red_Chile_Sauce
2657,355,Monterey_Jack_Cheese
2658,355,Onion
2659,355,Cilantro
2660,355,Rice
2661,355,Sour_Cream
2662,356,Beef
2663,356,Pita_Bread
2664,356,Rice
2665,356,Cucumber
2666,356,Tomato
2667,356,Tzatziki_Sauce
2668,356,Red_Onion
2669,356,Parsley
2670,357,Turkey
2671,357,Farro
2672,357,Pesto_Sauce
2673,357,Broccoli
2674,357,Carrot
2675,357,Olive_Oil
2676,357,Garlic
2677,357,Kosher_Salt
2678,358,Chicken
2679,358,Jasmine_Rice
2680,358,Coconut_Milk
2681,358,Red_Curry_Paste
2682,358,Bell_Pepper
2683,358,Onion
2684,358,Basil
2685,358,Lime_Juice
2686,359,Rigatoni
2687,359,Vegetable
2688,359,Tomato_Basil_Sauce
2689,359,Garlic
2690,359,Tomato
2691,359,Parmesan_Cheese
2692,359,Olive_Oil
2693,359,Basil
2694,360,Chicken
2695,360,Mashed_Potatoes
2696,360,Green_Bean
2697,360,Lemon_Juice
2698,360,Butter
2699,360,Parsley
2700,360,Kosher_Salt
2701,360,Black_Pepper
2702,361,Greek_Yogurt
2703,361,Peach
2704,361,Granola
2705,361,Honey
2706,361,Chia_Seeds
2707,361,Vanilla_Extract
2708,362,Bagel
2709,362,Eggs
2710,362,Tofu
2711,362,Feta_Cheese
2712,362,Tomato
2713,362,Spinach
2714,362,Butter
2715,362,Black_Pepper
2716,363,Eggs
2717,363,Zucchini
2718,363,Tomato
2719,363,Mozzarella_Cheese
2720,363,Whole_Milk
2721,363,Canola_Oil
2722,363,Kosher_Salt
2723,363,Black_Pepper
2724,364,Rolled_Oats
2725,364,Apple
2726,364,Pistachios
2727,364,Low_Fat_Milk
2728,364,Cinnamon
2729,364,Maple_Syrup
2730,364,Chia_Seeds
2731,365,All_Purpose_Flour
2732,365,Eggs
2733,365,Whole_Milk
2734,365,Baking_Powder
2735,365,Apple
2736,365,Butter
2737,365,Sugar
2738,365,Vanilla_Extract
2739,366,Greek_Yogurt
2740,366,Strawberry
2741,366,Granola
2742,366,Honey
2743,366,Chia_Seeds
2744,366,Vanilla_Extract
2745,367,Macaroni
2746,367,Chicken
2747,367,Marinara_Sauce
2748,367,Garlic
2749,367,Parmesan_Cheese
2750,367,Spinach
2751,367,Olive_Oil
2752,368,Grilled_Chicken
2753,368,Romaine_Lettuce
2754,368,Bell_Pepper
2755,368,Cabbage
2756,368,Ranch_Dressing
2757,368,Croutons
2758,368,Parmesan_Cheese
2759,369,Flour_Tortilla
2760,369,Pork
2761,369,Mediterranean_Sauce
2762,369,Romaine_Lettuce
2763,369,Tomato
2764,369,Red_Onion
2765,369,Mozzarella_Cheese
2766,370,Chicken
2767,370,Farro
2768,370,Broccoli
2769,370,Carrot
2770,370,Edamame
2771,370,Lemon_Herb_Sauce
2772,370,Sesame_Seeds
2773,371,Sourdough_Bread
2774,371,Beef
2775,371,Lettuce
2776,371,Tomato
2777,371,Pickles
2778,371,Red_Onion
2779,371,Swiss_Cheese
2780,371,Mayonnaise
2781,372,Linguine
2782,372,Shrimp
2783,372,Alfredo_Sauce
2784,372,Garlic
2785,372,Parmesan_Cheese
2786,372,Spinach
2787,372,Olive_Oil
2788,373,Corn_Tortilla
2789,373,Pinto_Bean
2790,373,Red_Chile_Sauce
2791,373,Monterey_Jack_Cheese
2792,373,Onion
2793,373,Cilantro
2794,373,Rice
2795,373,Sour_Cream
2796,374,Lamb
2797,374,Pita_Bread
2798,374,Rice
2799,374,Cucumber
2800,374,Tomato
2801,374,Tzatziki_Sauce
2802,374,Red_Onion
2803,374,Parsley
2804,375,Chicken
2805,375,Couscous
2806,375,Pesto_Sauce
2807,375,Broccoli
2808,375,Carrot
2809,375,Olive_Oil
2810,375,Garlic
2811,375,Kosher_Salt
2812,376,Shrimp
2813,376,Jasmine_Rice
2814,376,Coconut_Milk
2815,376,Massaman_Curry_Paste
2816,376,Bell_Pepper
2817,376,Onion
2818,376,Basil
2819,376,Lime_Juice
2820,377,Shrimp
2821,377,Cabbage
2822,377,Bell_Pepper
2823,377,Soy_Sauce
2824,377,Garlic
2825,377,Ginger
2826,377,Sesame_Oil
2827,377,Brown_Rice
2828,378,Ramen_Noodles
2829,378,Tofu
2830,378,Miso_Broth
2831,378,Soft_Boiled_Egg
2832,378,Green_Onion
2833,378,Mushroom
2834,378,Nori
2835,378,Sesame_Seeds
2836,379,All_Purpose_Flour
2837,379,Eggs
2838,379,Whole_Milk
2839,379,Baking_Powder
2840,379,Strawberry
2841,379,Butter
2842,379,Sugar
2843,379,Vanilla_Extract
2844,380,Flour_Tortilla
2845,380,Eggs
2846,380,Turkey_Sausage
2847,380,Cheddar_Cheese
2848,380,Salsa
2849,380,Potatoes
2850,380,Green_Onion
2851,380,Kosher_Salt
2852,381,Greek_Yogurt
2853,381,Banana
2854,381,Granola
2855,381,Honey
2856,381,Chia_Seeds
2857,381,Vanilla_Extract
2858,382,Biscuit
2859,382,Eggs
2860,382,Ham
2861,382,Parmesan_Cheese
2862,382,Tomato
2863,382,Spinach
2864,382,Butter
2865,382,Black_Pepper
2866,383,Eggs
2867,383,Bell_Pepper
2868,383,Broccoli
2869,383,Feta_Cheese
2870,383,Whole_Milk
2871,383,Canola_Oil
2872,383,Kosher_Salt
2873,383,Black_Pepper
2874,384,Rolled_Oats
2875,384,Banana
2876,384,Walnuts
2877,384,Low_Fat_Milk
2878,384,Cinnamon
2879,384,Maple_Syrup
2880,384,Chia_Seeds
2881,385,Penne
2882,385,Shrimp
2883,385,Marinara_Sauce
2884,385,Garlic
2885,385,Parmesan_Cheese
2886,385,Spinach
2887,385,Olive_Oil
2888,386,Black_Bean
2889,386,Romaine_Lettuce
2890,386,Spinach
2891,386,Corn
2892,386,Lemon_Tahini_Dressing
2893,386,Croutons
2894,386,Parmesan_Cheese
2895,387,Flour_Tortilla
2896,387,Turkey
2897,387,Mediterranean_Sauce
2898,387,Romaine_Lettuce
2899,387,Tomato
2900,387,Red_Onion
2901,387,Cheddar_Cheese
2902,388,Lentil
2903,388,Rice
2904,388,Broccoli
2905,388,Carrot
2906,388,Edamame
2907,388,Ginger_Soy_Sauce
2908,388,Sesame_Seeds
2909,389,Sourdough_Bread
2910,389,Turkey
2911,389,Lettuce
2912,389,Tomato
2913,389,Pickles
2914,389,Red_Onion
2915,389,Pepper_Jack_Cheese
2916,389,Mayonnaise
2917,390,Black_Bean
2918,390,Vegetable_Broth
2919,390,Carrot
2920,390,Celery
2921,390,Onion
2922,390,Garlic
2923,390,Kosher_Salt
2924,390,Black_Pepper
2925,391,Vegetable
2926,391,Jasmine_Rice
2927,391,Coconut_Milk
2928,391,Massaman_Curry_Paste
2929,391,Bell_Pepper
2930,391,Onion
2931,391,Basil
2932,391,Lime_Juice
2933,392,Tofu
2934,392,Tomato
2935,392,Carrot
2936,392,Soy_Sauce
2937,392,Garlic
2938,392,Ginger
2939,392,Sesame_Oil
2940,392,Brown_Rice
2941,393,Penne
2942,393,Chicken
2943,393,Creamy_Pesto_Sauce
2944,393,Garlic
2945,393,Tomato
2946,393,Parmesan_Cheese
2947,393,Olive_Oil
2948,393,Basil
2949,394,Chicken
2950,394,Rice_Pilaf
2951,394,Green_Bean
2952,394,Lemon_Juice
2953,394,Butter
2954,394,Parsley
2955,394,Kosher_Salt
2956,394,Black_Pepper
2957,395,Corn_Tortilla
2958,395,Black_Bean
2959,395,Tomatillo_Sauce
2960,395,Monterey_Jack_Cheese
2961,395,Onion
2962,395,Cilantro
2963,395,Rice
2964,395,Sour_Cream
2965,396,Chicken
2966,396,Pita_Bread
2967,396,Rice
2968,396,Cucumber
2969,396,Tomato
2970,396,Tzatziki_Sauce
2971,396,Red_Onion
2972,396,Parsley
2973,397,Greek_Yogurt
2974,397,Pineapple
2975,397,Granola
2976,397,Honey
2977,397,Chia_Seeds
2978,397,Vanilla_Extract
2979,398,Croissant
2980,398,Eggs
2981,398,Avocado
2982,398,Cheddar_Cheese
2983,398,Tomato
2984,398,Spinach
2985,398,Butter
2986,398,Black_Pepper
2987,399,Eggs
2988,399,Zucchini
2989,399,Broccoli
2990,399,Swiss_Cheese
2991,399,Whole_Milk
2992,399,Canola_Oil
2993,399,Kosher_Salt
2994,399,Black_Pepper
2995,400,Rolled_Oats
2996,400,Pineapple
2997,400,Cashews
2998,400,Low_Fat_Milk
2999,400,Cinnamon
3000,400,Maple_Syrup
3001,400,Chia_Seeds
3002,401,All_Purpose_Flour
3003,401,Eggs
3004,401,Whole_Milk
3005,401,Baking_Powder
3006,401,Mango
3007,401,Butter
3008,401,Sugar
3009,401,Vanilla_Extract
3010,402,Flour_Tortilla
3011,402,Eggs
3012,402,Black_Bean
3013,402,Cheddar_Cheese
3014,402,Salsa
3015,402,Potatoes
3016,402,Green_Onion
3017,402,Kosher_Salt
3018,403,Broccoli_Cheddar
3019,403,Vegetable_Broth
3020,403,Carrot
3021,403,Celery
3022,403,Onion
3023,403,Garlic
3024,403,Kosher_Salt
3025,403,Black_Pepper
3026,404,Macaroni
3027,404,Shrimp
3028,404,Garlic_Olive_Oil_Sauce
3029,404,Garlic
3030,404,Parmesan_Cheese
3031,404,Spinach
3032,404,Olive_Oil
3033,405,Chickpea
3034,405,Romaine_Lettuce
3035,405,Avocado
3036,405,Zucchini
3037,405,Cilantro_Lime_Dressing
3038,405,Croutons
3039,405,Parmesan_Cheese
3040,406,Flour_Tortilla
3041,406,Turkey
3042,406,Chipotle_Sauce
3043,406,Romaine_Lettuce
3044,406,Tomato
3045,406,Red_Onion
3046,406,Cheddar_Cheese
3047,407,Chickpea
3048,407,Couscous
3049,407,Broccoli
3050,407,Carrot
3051,407,Edamame
3052,407,Lemon_Herb_Sauce
3053,407,Sesame_Seeds
3054,408,Sourdough_Bread
3055,408,Chicken
3056,408,Lettuce
3057,408,Tomato
3058,408,Pickles
3059,408,Red_Onion
3060,408,Cheddar_Cheese
3061,408,Mayonnaise
3062,409,Cod
3063,409,Mashed_Potatoes
3064,409,Green_Bean
3065,409,Lemon_Juice
3066,409,Butter
3067,409,Parsley
3068,409,Kosher_Salt
3069,409,Black_Pepper
3070,410,Corn_Tortilla
3071,410,Chickpea
3072,410,Chipotle_Sauce
3073,410,Monterey_Jack_Cheese
3074,410,Onion
3075,410,Cilantro
3076,410,Rice
3077,410,Sour_Cream
3078,411,Beef
3079,411,Pita_Bread
3080,411,Rice
3081,411,Cucumber
3082,411,Tomato
3083,411,Tzatziki_Sauce
3084,411,Red_Onion
3085,411,Parsley
3086,412,Pork
3087,412,Rice
3088,412,Coconut_Curry_Sauce
3089,412,Broccoli
3090,412,Carrot
3091,412,Olive_Oil
3092,412,Garlic
3093,412,Kosher_Salt
3094,413,Chicken
3095,413,Jasmine_Rice
3096,413,Coconut_Milk
3097,413,Green_Curry_Paste
3098,413,Bell_Pepper
3099,413,Onion
3100,413,Basil
3101,413,Lime_Juice
3102,414,Linguine
3103,414,Chicken
3104,414,Tomato_Basil_Sauce
3105,414,Garlic
3106,414,Tomato
3107,414,Parmesan_Cheese
3108,414,Olive_Oil
3109,414,Basil
3110,415,Rolled_Oats
3111,415,Strawberry
3112,415,Peanuts
3113,415,Low_Fat_Milk
3114,415,Cinnamon
3115,415,Maple_Syrup
3116,415,Chia_Seeds
3117,416,All_Purpose_Flour
3118,416,Eggs
3119,416,Whole_Milk
3120,416,Baking_Powder
3121,416,Mango
3122,416,Butter
3123,416,Sugar
3124,416,Vanilla_Extract
3125,417,Flour_Tortilla
3126,417,Eggs
3127,417,Turkey_Sausage
3128,417,Cheddar_Cheese
3129,417,Salsa
3130,417,Potatoes
3131,417,Green_Onion
3132,417,Kosher_Salt
3133,418,Greek_Yogurt
3134,418,Raspberry
3135,418,Granola
3136,418,Honey
3137,418,Chia_Seeds
3138,418,Vanilla_Extract
3139,419,Croissant
3140,419,Eggs
3141,419,Egg
3142,419,Cheddar_Cheese
3143,419,Tomato
3144,419,Spinach
3145,419,Butter
3146,419,Black_Pepper
3147,420,Eggs
3148,420,Carrot
3149,420,Corn
3150,420,Parmesan_Cheese
3151,420,Whole_Milk
3152,420,Canola_Oil
3153,420,Kosher_Salt
3154,420,Black_Pepper
3155,421,Lentil
3156,421,Vegetable_Broth
3157,421,Carrot
3158,421,Celery
3159,421,Onion
3160,421,Garlic
3161,421,Kosher_Salt
3162,421,Black_Pepper
3163,422,Macaroni
3164,422,Chicken
3165,422,Garlic_Olive_Oil_Sauce
3166,422,Garlic
3167,422,Parmesan_Cheese
3168,422,Spinach
3169,422,Olive_Oil
3170,423,Lentil
3171,423,Romaine_Lettuce
3172,423,Zucchini
3173,423,Tomato
3174,423,Balsamic_Dressing
3175,423,Croutons
3176,423,Parmesan_Cheese
3177,424,Flour_Tortilla
3178,424,Shrimp
3179,424,Mediterranean_Sauce
3180,424,Romaine_Lettuce
3181,424,Tomato
3182,424,Red_Onion
3183,424,Swiss_Cheese
3184,425,Pork
3185,425,Farro
3186,425,Broccoli
3187,425,Carrot
3188,425,Edamame
3189,425,Lemon_Herb_Sauce
3190,425,Sesame_Seeds
3191,426,Sourdough_Bread
3192,426,Portobello
3193,426,Lettuce
3194,426,Tomato
3195,426,Pickles
3196,426,Red_Onion
3197,426,Feta_Cheese
3198,426,Mayonnaise
3199,427,Chicken
3200,427,Kale
3201,427,Spinach
3202,427,Soy_Sauce
3203,427,Garlic
3204,427,Ginger
3205,427,Sesame_Oil
3206,427,Brown_Rice
3207,428,Rigatoni
3208,428,Tofu
3209,428,Roasted_Garlic_Sauce
3210,428,Garlic
3211,428,Tomato
3212,428,Parmesan_Cheese
3213,428,Olive_Oil
3214,428,Basil
3215,429,Chicken
3216,429,Quinoa
3217,429,Green_Bean
3218,429,Lemon_Juice
3219,429,Butter
3220,429,Parsley
3221,429,Kosher_Salt
3222,429,Black_Pepper
3223,430,Corn_Tortilla
3224,430,Pinto_Bean
3225,430,Salsa_Verde_Sauce
3226,430,Monterey_Jack_Cheese
3227,430,Onion
3228,430,Cilantro
3229,430,Rice
3230,430,Sour_Cream
3231,431,Lamb
3232,431,Pita_Bread
3233,431,Rice
3234,431,Cucumber
3235,431,Tomato
3236,431,Tzatziki_Sauce
3237,431,Red_Onion
3238,431,Parsley
3239,432,Pork
3240,432,Quinoa
3241,432,Lemon_Herb_Sauce
3242,432,Broccoli
3243,432,Carrot
3244,432,Olive_Oil
3245,432,Garlic
3246,432,Kosher_Salt
3247,433,Flour_Tortilla
3248,433,Eggs
3249,433,Vegetable
3250,433,Cheddar_Cheese
3251,433,Salsa
3252,433,Potatoes
3253,433,Green_Onion
3254,433,Kosher_Salt
3255,434,Greek_Yogurt
3256,434,Strawberry
3257,434,Granola
3258,434,Honey
3259,434,Chia_Seeds
3260,434,Vanilla_Extract
3261,435,English_Muffin
3262,435,Eggs
3263,435,Turkey_Sausage
3264,435,Cheddar_Cheese
3265,435,Tomato
3266,435,Spinach
3267,435,Butter
3268,435,Black_Pepper
3269,436,Eggs
3270,436,Zucchini
3271,436,Spinach
3272,436,Pepper_Jack_Cheese
3273,436,Whole_Milk
3274,436,Canola_Oil
3275,436,Kosher_Salt
3276,436,Black_Pepper
3277,437,Rolled_Oats
3278,437,Peach
3279,437,Peanuts
3280,437,Low_Fat_Milk
3281,437,Cinnamon
3282,437,Maple_Syrup
3283,437,Chia_Seeds
3284,438,All_Purpose_Flour
3285,438,Eggs
3286,438,Whole_Milk
3287,438,Baking_Powder
3288,438,Mango
3289,438,Butter
3290,438,Sugar
3291,438,Vanilla_Extract
3292,439,Sourdough_Bread
3293,439,Turkey
3294,439,Lettuce
3295,439,Tomato
3296,439,Pickles
3297,439,Red_Onion
3298,439,Mozzarella_Cheese
3299,439,Mayonnaise
3300,440,Minestrone
3301,440,Vegetable_Broth
3302,440,Carrot
3303,440,Celery
3304,440,Onion
3305,440,Garlic
3306,440,Kosher_Salt
3307,440,Black_Pepper
3308,441,Macaroni
3309,441,Chicken
3310,441,Marinara_Sauce
3311,441,Garlic
3312,441,Parmesan_Cheese
3313,441,Spinach
3314,441,Olive_Oil
3315,442,Corn_Tortilla
3316,442,Chicken
3317,442,Cabbage
3318,442,Pico_De_Gallo
3319,442,Cilantro
3320,442,Lime_Juice
3321,442,Cotija_Cheese
3322,443,Grilled_Chicken
3323,443,Romaine_Lettuce
3324,443,Avocado
3325,443,Spinach
3326,443,Ranch_Dressing
3327,443,Croutons
3328,443,Parmesan_Cheese
3329,444,Flour_Tortilla
3330,444,Beef
3331,444,Caesar_Sauce
3332,444,Romaine_Lettuce
3333,444,Tomato
3334,444,Red_Onion
3335,444,Pepper_Jack_Cheese
3336,445,Tofu
3337,445,Quinoa
3338,445,Green_Bean
3339,445,Lemon_Juice
3340,445,Butter
3341,445,Parsley
3342,445,Kosher_Salt
3343,445,Black_Pepper
3344,446,Corn_Tortilla
3345,446,Lentil
3346,446,Salsa_Verde_Sauce
3347,446,Monterey_Jack_Cheese
3348,446,Onion
3349,446,Cilantro
3350,446,Rice
3351,446,Sour_Cream
3352,447,Chicken
3353,447,Pita_Bread
3354,447,Rice
3355,447,Cucumber
3356,447,Tomato
3357,447,Tzatziki_Sauce
3358,447,Red_Onion
3359,447,Parsley
3360,448,Chicken
3361,448,Quinoa
3362,448,Garlic_Parmesan_Sauce
3363,448,Broccoli
3364,448,Carrot
3365,448,Olive_Oil
3366,448,Garlic
3367,448,Kosher_Salt
3368,449,Beef
3369,449,Jasmine_Rice
3370,449,Coconut_Milk
3371,449,Massaman_Curry_Paste
3372,449,Bell_Pepper
3373,449,Onion
3374,449,Basil
3375,449,Lime_Juice
3376,450,Shrimp
3377,450,Spinach
3378,450,Carrot
3379,450,Soy_Sauce
3380,450,Garlic
3381,450,Ginger
3382,450,Sesame_Oil
3383,450,Brown_Rice
3384,451,Flour_Tortilla
3385,451,Eggs
3386,451,Vegetable
3387,451,Cheddar_Cheese
3388,451,Salsa
3389,451,Potatoes
3390,451,Green_Onion
3391,451,Kosher_Salt
3392,452,Greek_Yogurt
3393,452,Banana
3394,452,Granola
3395,452,Honey
3396,452,Chia_Seeds
3397,452,Vanilla_Extract
3398,453,Biscuit
3399,453,Eggs
3400,453,Ham
3401,453,Cheddar_Cheese
3402,453,Tomato
3403,453,Spinach
3404,453,Butter
3405,453,Black_Pepper
3406,454,Eggs
3407,454,Zucchini
3408,454,Spinach
3409,454,Parmesan_Cheese
3410,454,Whole_Milk
3411,454,Canola_Oil
3412,454,Kosher_Salt
3413,454,Black_Pepper
3414,455,Rolled_Oats
3415,455,Apple
3416,455,Pecans
3417,455,Low_Fat_Milk
3418,455,Cinnamon
3419,455,Maple_Syrup
3420,455,Chia_Seeds
3421,456,All_Purpose_Flour
3422,456,Eggs
3423,456,Whole_Milk
3424,456,Baking_Powder
3425,456,Peach
3426,456,Butter
3427,456,Sugar
3428,456,Vanilla_Extract
3429,457,Grilled_Chicken
3430,457,Romaine_Lettuce
3431,457,Sweet_Potato
3432,457,Carrot
3433,457,Cilantro_Lime_Dressing
3434,457,Croutons
3435,457,Parmesan_Cheese
3436,458,Flour_Tortilla
3437,458,Salmon
3438,458,Mediterranean_Sauce
3439,458,Romaine_Lettuce
3440,458,Tomato
3441,458,Red_Onion
3442,458,Mozzarella_Cheese
3443,459,Turkey
3444,459,Rice
3445,459,Broccoli
3446,459,Carrot
3447,459,Edamame
3448,459,Chipotle_Sauce
3449,459,Sesame_Seeds
3450,460,Sourdough_Bread
3451,460,Portobello
3452,460,Lettuce
3453,460,Tomato
3454,460,Pickles
3455,460,Red_Onion
3456,460,Cheddar_Cheese
3457,460,Mayonnaise
3458,461,Lentil
3459,461,Vegetable_Broth
3460,461,Carrot
3461,461,Celery
3462,461,Onion
3463,461,Garlic
3464,461,Kosher_Salt
3465,461,Black_Pepper
3466,462,Rotini
3467,462,Chicken
3468,462,Pesto_Sauce
3469,462,Garlic
3470,462,Parmesan_Cheese
3471,462,Spinach
3472,462,Olive_Oil
3473,463,Chicken
3474,463,Pita_Bread
3475,463,Rice
3476,463,Cucumber
3477,463,Tomato
3478,463,Tzatziki_Sauce
3479,463,Red_Onion
3480,463,Parsley
3481,464,Chicken
3482,464,Couscous
3483,464,Ginger_Soy_Sauce
3484,464,Broccoli
3485,464,Carrot
3486,464,Olive_Oil
3487,464,Garlic
3488,464,Kosher_Salt
3489,465,Ramen_Noodles
3490,465,Tofu
3491,465,Miso_Broth
3492,465,Soft_Boiled_Egg
3493,465,Green_Onion
3494,465,Mushroom
3495,465,Nori
3496,465,Sesame_Seeds
3497,466,Rigatoni
3498,466,Chicken
3499,466,Tomato_Basil_Sauce
3500,466,Garlic
3501,466,Tomato
3502,466,Parmesan_Cheese
3503,466,Olive_Oil
3504,466,Basil
3505,467,Salmon
3506,467,Mashed_Potatoes
3507,467,Green_Bean
3508,467,Lemon_Juice
3509,467,Butter
3510,467,Parsley
3511,467,Kosher_Salt
3512,467,Black_Pepper
3513,468,Corn_Tortilla
3514,468,Lentil
3515,468,Red_Chile_Sauce
3516,468,Monterey_Jack_Cheese
3517,468,Onion
3518,468,Cilantro
3519,468,Rice
3520,468,Sour_Cream
3521,469,English_Muffin
3522,469,Eggs
3523,469,Turkey_Sausage
3524,469,Swiss_Cheese
3525,469,Tomato
3526,469,Spinach
3527,469,Butter
3528,469,Black_Pepper
3529,470,Eggs
3530,470,Corn
3531,470,Mushroom
3532,470,Mozzarella_Cheese
3533,470,Whole_Milk
3534,470,Canola_Oil
3535,470,Kosher_Salt
3536,470,Black_Pepper
3537,471,Rolled_Oats
3538,471,Banana
3539,471,Walnuts
3540,471,Low_Fat_Milk
3541,471,Cinnamon
3542,471,Maple_Syrup
3543,471,Chia_Seeds
3544,472,All_Purpose_Flour
3545,472,Eggs
3546,472,Whole_Milk
3547,472,Baking_Powder
3548,472,Mango
3549,472,Butter
3550,472,Sugar
3551,472,Vanilla_Extract
3552,473,Flour_Tortilla
3553,473,Eggs
3554,473,Chorizo_Style_Tofu
3555,473,Cheddar_Cheese
3556,473,Salsa
3557,473,Potatoes
3558,473,Green_Onion
3559,473,Kosher_Salt
3560,474,Bagel
3561,474,Eggs
3562,474,Turkey_Sausage
3563,474,Swiss_Cheese
3564,474,Tomato
3565,474,Spinach
3566,474,Butter
3567,474,Black_Pepper
3568,475,Chickpea
3569,475,Romaine_Lettuce
3570,475,Onion
3571,475,Bell_Pepper
3572,475,Lemon_Tahini_Dressing
3573,475,Croutons
3574,475,Parmesan_Cheese
3575,476,Flour_Tortilla
3576,476,Beef
3577,476,Caesar_Sauce
3578,476,Romaine_Lettuce
3579,476,Tomato
3580,476,Red_Onion
3581,476,Pepper_Jack_Cheese
3582,477,Lentil
3583,477,Farro
3584,477,Broccoli
3585,477,Carrot
3586,477,Edamame
3587,477,Teriyaki_Sauce
3588,477,Sesame_Seeds
3589,478,Sourdough_Bread
3590,478,Black_Bean
3591,478,Lettuce
3592,478,Tomato
3593,478,Pickles
3594,478,Red_Onion
3595,478,Feta_Cheese
3596,478,Mayonnaise
3597,479,Broccoli_Cheddar
3598,479,Vegetable_Broth
3599,479,Carrot
3600,479,Celery
3601,479,Onion
3602,479,Garlic
3603,479,Kosher_Salt
3604,479,Black_Pepper
3605,480,Macaroni
3606,480,Chicken
3607,480,Garlic_Olive_Oil_Sauce
3608,480,Garlic
3609,480,Parmesan_Cheese
3610,480,Spinach
3611,480,Olive_Oil
3612,481,Rigatoni
3613,481,Meatball
3614,481,Creamy_Pesto_Sauce
3615,481,Garlic
3616,481,Tomato
3617,481,Parmesan_Cheese
3618,481,Olive_Oil
3619,481,Basil
3620,482,Tofu
3621,482,Rice_Pilaf
3622,482,Green_Bean
3623,482,Lemon_Juice
3624,482,Butter
3625,482,Parsley
3626,482,Kosher_Salt
3627,482,Black_Pepper
3628,483,Corn_Tortilla
3629,483,Lentil
3630,483,Salsa_Verde_Sauce
3631,483,Monterey_Jack_Cheese
3632,483,Onion
3633,483,Cilantro
3634,483,Rice
3635,483,Sour_Cream
3636,484,Beef
3637,484,Pita_Bread
3638,484,Rice
3639,484,Cucumber
3640,484,Tomato
3641,484,Tzatziki_Sauce
3642,484,Red_Onion
3643,484,Parsley
3644,485,Chicken
3645,485,Brown_Rice
3646,485,Ginger_Soy_Sauce
3647,485,Broccoli
3648,485,Carrot
3649,485,Olive_Oil
3650,485,Garlic
3651,485,Kosher_Salt
3652,486,Vegetable
3653,486,Jasmine_Rice
3654,486,Coconut_Milk
3655,486,Coconut_Curry_Paste
3656,486,Bell_Pepper
3657,486,Onion
3658,486,Basil
3659,486,Lime_Juice
3660,487,Eggs
3661,487,Kale
3662,487,Mushroom
3663,487,Parmesan_Cheese
3664,487,Whole_Milk
3665,487,Canola_Oil
3666,487,Kosher_Salt
3667,487,Black_Pepper
3668,488,Rolled_Oats
3669,488,Mango
3670,488,Walnuts
3671,488,Low_Fat_Milk
3672,488,Cinnamon
3673,488,Maple_Syrup
3674,488,Chia_Seeds
3675,489,All_Purpose_Flour
3676,489,Eggs
3677,489,Whole_Milk
3678,489,Baking_Powder
3679,489,Banana
3680,489,Butter
3681,489,Sugar
3682,489,Vanilla_Extract
3683,490,Greek_Yogurt
3684,490,Blueberry
3685,490,Granola
3686,490,Honey
3687,490,Chia_Seeds
3688,490,Vanilla_Extract
3689,491,English_Muffin
3690,491,Eggs
3691,491,Egg
3692,491,Swiss_Cheese
3693,491,Tomato
3694,491,Spinach
3695,491,Butter
3696,491,Black_Pepper
3697,492,Eggs
3698,492,Corn
3699,492,Tomato
3700,492,Cheddar_Cheese
3701,492,Whole_Milk
3702,492,Canola_Oil
3703,492,Kosher_Salt
3704,492,Black_Pepper
3705,493,Macaroni
3706,493,Turkey
3707,493,Alfredo_Sauce
3708,493,Garlic
3709,493,Parmesan_Cheese
3710,493,Spinach
3711,493,Olive_Oil
3712,494,Lentil
3713,494,Romaine_Lettuce
3714,494,Tomato
3715,494,Spinach
3716,494,Balsamic_Dressing
3717,494,Croutons
3718,494,Parmesan_Cheese
3719,495,Flour_Tortilla
3720,495,Salmon
3721,495,Pesto_Sauce
3722,495,Romaine_Lettuce
3723,495,Tomato
3724,495,Red_Onion
3725,495,Feta_Cheese
3726,496,Chicken
3727,496,Couscous
3728,496,Broccoli
3729,496,Carrot
3730,496,Edamame
3731,496,Chipotle_Sauce
3732,496,Sesame_Seeds
3733,497,Sourdough_Bread
3734,497,Black_Bean
3735,497,Lettuce
3736,497,Tomato
3737,497,Pickles
3738,497,Red_Onion
3739,497,Mozzarella_Cheese
3740,497,Mayonnaise
3741,498,Rotini
3742,498,Chicken
3743,498,Alfredo_Sauce
3744,498,Garlic
3745,498,Parmesan_Cheese
3746,498,Spinach
3747,498,Olive_Oil
3748,499,Vegetable
3749,499,Jasmine_Rice
3750,499,Coconut_Milk
3751,499,Massaman_Curry_Paste
3752,499,Bell_Pepper
3753,499,Onion
3754,499,Basil
3755,499,Lime_Juice
3756,500,Shrimp
3757,500,Mushroom
3758,500,Green_Bean
3759,500,Soy_Sauce
3760,500,Garlic
3761,500,Ginger
3762,500,Sesame_Oil
3763,500,Brown_Rice
3764,501,Ramen_Noodles
3765,501,Tofu
3766,501,Miso_Broth
3767,501,Soft_Boiled_Egg
3768,501,Green_Onion
3769,501,Mushroom
3770,501,Nori
3771,501,Sesame_Seeds
3772,502,Penne
3773,502,Vegetable
3774,502,Creamy_Pesto_Sauce
3775,502,Garlic
3776,502,Tomato
3777,502,Parmesan_Cheese
3778,502,Olive_Oil
3779,502,Basil
3780,503,Cod
3781,503,Roasted_Potatoes
3782,503,Green_Bean
3783,503,Lemon_Juice
3784,503,Butter
3785,503,Parsley
3786,503,Kosher_Salt
3787,503,Black_Pepper
3788,504,Corn_Tortilla
3789,504,Black_Bean
3790,504,Chipotle_Sauce
3791,504,Monterey_Jack_Cheese
3792,504,Onion
3793,504,Cilantro
3794,504,Rice
3795,504,Sour_Cream
3796,505,Flour_Tortilla
3797,505,Eggs
3798,505,Potato
3799,505,Cheddar_Cheese
3800,505,Salsa
3801,505,Potatoes
3802,505,Green_Onion
3803,505,Kosher_Salt
3804,506,Greek_Yogurt
3805,506,Banana
3806,506,Granola
3807,506,Honey
3808,506,Chia_Seeds
3809,506,Vanilla_Extract
3810,507,English_Muffin
3811,507,Eggs
3812,507,Egg
3813,507,Mozzarella_Cheese
3814,507,Tomato
3815,507,Spinach
3816,507,Butter
3817,507,Black_Pepper
3818,508,Eggs
3819,508,Carrot
3820,508,Onion
3821,508,Pepper_Jack_Cheese
3822,508,Whole_Milk
3823,508,Canola_Oil
3824,508,Kosher_Salt
3825,508,Black_Pepper
3826,509,Rolled_Oats
3827,509,Mango
3828,509,Pistachios
3829,509,Low_Fat_Milk
3830,509,Cinnamon
3831,509,Maple_Syrup
3832,509,Chia_Seeds
3833,510,All_Purpose_Flour
3834,510,Eggs
3835,510,Whole_Milk
3836,510,Baking_Powder
3837,510,Banana
3838,510,Butter
3839,510,Sugar
3840,510,Vanilla_Extract
3841,511,Macaroni
3842,511,Vegetable
3843,511,Pesto_Sauce
3844,511,Garlic
3845,511,Parmesan_Cheese
3846,511,Spinach
3847,511,Olive_Oil
3848,512,Lentil
3849,512,Romaine_Lettuce
3850,512,Green_Bean
3851,512,Asparagus
3852,512,Ranch_Dressing
3853,512,Croutons
3854,512,Parmesan_Cheese
3855,513,Flour_Tortilla
3856,513,Beef
3857,513,Mediterranean_Sauce
3858,513,Romaine_Lettuce
3859,513,Tomato
3860,513,Red_Onion
3861,513,Parmesan_Cheese
3862,514,Chickpea
3863,514,Quinoa
3864,514,Broccoli
3865,514,Carrot
3866,514,Edamame
3867,514,Teriyaki_Sauce
3868,514,Sesame_Seeds
3869,515,Brioche_Bun
3870,515,Turkey
3871,515,Lettuce
3872,515,Tomato
3873,515,Pickles
3874,515,Red_Onion
3875,515,Pepper_Jack_Cheese
3876,515,Mayonnaise
3877,516,Rotini
3878,516,Chicken
3879,516,Marinara_Sauce
3880,516,Garlic
3881,516,Parmesan_Cheese
3882,516,Spinach
3883,516,Olive_Oil
3884,517,Corn_Tortilla
3885,517,Chickpea
3886,517,Salsa_Verde_Sauce
3887,517,Monterey_Jack_Cheese
3888,517,Onion
3889,517,Cilantro
3890,517,Rice
3891,517,Sour_Cream
3892,518,Chicken
3893,518,Pita_Bread
3894,518,Rice
3895,518,Cucumber
3896,518,Tomato
3897,518,Tzatziki_Sauce
3898,518,Red_Onion
3899,518,Parsley
3900,519,Salmon
3901,519,Rice
3902,519,Chipotle_Sauce
3903,519,Broccoli
3904,519,Carrot
3905,519,Olive_Oil
3906,519,Garlic
3907,519,Kosher_Salt
3908,520,Vegetable
3909,520,Jasmine_Rice
3910,520,Coconut_Milk
3911,520,Green_Curry_Paste
3912,520,Bell_Pepper
3913,520,Onion
3914,520,Basil
3915,520,Lime_Juice
3916,521,Beef
3917,521,Sweet_Potato
3918,521,Peas
3919,521,Soy_Sauce
3920,521,Garlic
3921,521,Ginger
3922,521,Sesame_Oil
3923,521,Brown_Rice
3924,522,Rigatoni
3925,522,Meatball
3926,522,Creamy_Pesto_Sauce
3927,522,Garlic
3928,522,Tomato
3929,522,Parmesan_Cheese
3930,522,Olive_Oil
3931,522,Basil
3932,523,Rolled_Oats
3933,523,Blueberry
3934,523,Walnuts
3935,523,Low_Fat_Milk
3936,523,Cinnamon
3937,523,Maple_Syrup
3938,523,Chia_Seeds
3939,524,All_Purpose_Flour
3940,524,Eggs
3941,524,Whole_Milk
3942,524,Baking_Powder
3943,524,Banana
3944,524,Butter
3945,524,Sugar
3946,524,Vanilla_Extract
3947,525,Greek_Yogurt
3948,525,Pineapple
3949,525,Granola
3950,525,Honey
3951,525,Chia_Seeds
3952,525,Vanilla_Extract
3953,526,Bagel
3954,526,Eggs
3955,526,Ham
3956,526,Parmesan_Cheese
3957,526,Tomato
3958,526,Spinach
3959,526,Butter
3960,526,Black_Pepper
3961,527,Eggs
3962,527,Onion
3963,527,Avocado
3964,527,Parmesan_Cheese
3965,527,Whole_Milk
3966,527,Canola_Oil
3967,527,Kosher_Salt
3968,527,Black_Pepper
3969,528,Rolled_Oats
3970,528,Pineapple
3971,528,Pistachios
3972,528,Low_Fat_Milk
3973,528,Cinnamon
3974,528,Maple_Syrup
3975,528,Chia_Seeds
3976,529,Corn_Tortilla
3977,529,Black_Bean
3978,529,Cabbage
3979,529,Pico_De_Gallo
3980,529,Cilantro
3981,529,Lime_Juice
3982,529,Cotija_Cheese
3983,530,Chickpea
3984,530,Romaine_Lettuce
3985,530,Tomato
3986,530,Sweet_Potato
3987,530,Ranch_Dressing
3988,530,Croutons
3989,530,Parmesan_Cheese
3990,531,Flour_Tortilla
3991,531,Tofu
3992,531,Pesto_Sauce
3993,531,Romaine_Lettuce
3994,531,Tomato
3995,531,Red_Onion
3996,531,Cheddar_Cheese
3997,532,Tofu
3998,532,Farro
3999,532,Broccoli
4000,532,Carrot
4001,532,Edamame
4002,532,Cilantro_Lime_Sauce
4003,532,Sesame_Seeds
4004,533,Brioche_Bun
4005,533,Turkey
4006,533,Lettuce
4007,533,Tomato
4008,533,Pickles
4009,533,Red_Onion
4010,533,Cheddar_Cheese
4011,533,Mayonnaise
4012,534,Rotini
4013,534,Turkey
4014,534,Alfredo_Sauce
4015,534,Garlic
4016,534,Parmesan_Cheese
4017,534,Spinach
4018,534,Olive_Oil
4019,535,Rigatoni
4020,535,Tofu
4021,535,Creamy_Pesto_Sauce
4022,535,Garlic
4023,535,Tomato
4024,535,Parmesan_Cheese
4025,535,Olive_Oil
4026,535,Basil
4027,536,Cod
4028,536,Roasted_Potatoes
4029,536,Green_Bean
4030,536,Lemon_Juice
4031,536,Butter
4032,536,Parsley
4033,536,Kosher_Salt
4034,536,Black_Pepper